date,Unnamed: 0,rainfall,station
1930-01-01 09:00:00,104608,378.4,920752372
1930-02-01 09:00:00,104609,141.8,920752372
1930-03-01 09:00:00,104610,249.2,920752372
1930-04-01 09:00:00,104611,332.4,920752372
1930-05-01 09:00:00,104612,38.2,920752372
1930-06-01 09:00:00,104613,123.2,920752372
1930-07-01 09:00:00,104614,37.3,920752372
1930-08-01 09:00:00,104615,68.4,920752372
1930-09-01 09:00:00,104616,211.0,920752372
1930-10-01 09:00:00,104617,160.0,920752372
1930-11-01 09:00:00,104618,116.0,920752372
1930-12-01 09:00:00,104619,247.2,920752372
1931-01-01 09:00:00,104620,116.4,920752372
1931-02-01 09:00:00,104621,47.8,920752372
1931-03-01 09:00:00,104622,358.0,920752372
1931-04-01 09:00:00,104623,83.0,920752372
1931-05-01 09:00:00,104624,210.6,920752372
1931-06-01 09:00:00,104625,37.0,920752372
1931-07-01 09:00:00,104626,19.8,920752372
1931-08-01 09:00:00,104627,65.8,920752372
1931-09-01 09:00:00,104628,19.6,920752372
1931-10-01 09:00:00,104629,182.2,920752372
1931-11-01 09:00:00,104630,310.0,920752372
1931-12-01 09:00:00,104631,1.2,920752372
1932-01-01 09:00:00,104632,166.4,920752372
1932-02-01 09:00:00,104633,26.6,920752372
1932-03-01 09:00:00,104634,175.2,920752372
1932-04-01 09:00:00,104635,131.4,920752372
1932-05-01 09:00:00,104636,99.4,920752372
1932-06-01 09:00:00,104637,55.2,920752372
1932-07-01 09:00:00,104638,31.0,920752372
1932-08-01 09:00:00,104639,24.6,920752372
1932-09-01 09:00:00,104640,257.8,920752372
1932-10-01 09:00:00,104641,139.4,920752372
1932-11-01 09:00:00,104642,101.8,920752372
1932-12-01 09:00:00,104643,382.8,920752372
1933-01-01 09:00:00,104644,200.0,920752372
1933-02-01 09:00:00,104645,42.0,920752372
1933-03-01 09:00:00,104646,278.2,920752372
1933-04-01 09:00:00,104647,51.4,920752372
1933-05-01 09:00:00,104648,61.4,920752372
1933-06-01 09:00:00,104649,30.6,920752372
1933-07-01 09:00:00,104650,4.8,920752372
1933-08-01 09:00:00,104651,1.6,920752372
1933-09-01 09:00:00,104652,40.4,920752372
1933-10-01 09:00:00,104653,127.4,920752372
1933-11-01 09:00:00,104654,146.6,920752372
1933-12-01 09:00:00,104655,183.6,920752372
1934-01-01 09:00:00,104656,128.0,920752372
1934-02-01 09:00:00,104657,6.4,920752372
1934-03-01 09:00:00,104658,304.4,920752372
1934-04-01 09:00:00,104659,239.4,920752372
1934-05-01 09:00:00,104660,28.2,920752372
1934-06-01 09:00:00,104661,11.2,920752372
1934-07-01 09:00:00,104662,36.4,920752372
1934-08-01 09:00:00,104663,39.8,920752372
1934-09-01 09:00:00,104664,49.8,920752372
1934-10-01 09:00:00,104665,32.2,920752372
1934-11-01 09:00:00,104666,141.4,920752372
1934-12-01 09:00:00,104667,711.8,920752372
1935-01-01 09:00:00,104668,1.4,920752372
1935-02-01 09:00:00,104669,287.2,920752372
1935-03-01 09:00:00,104670,70.2,920752372
1935-04-01 09:00:00,104671,89.0,920752372
1935-05-01 09:00:00,104672,132.6,920752372
1935-06-01 09:00:00,104673,89.6,920752372
1935-07-01 09:00:00,104674,0.2,920752372
1935-08-01 09:00:00,104675,19.2,920752372
1935-09-01 09:00:00,104676,6.2,920752372
1935-10-01 09:00:00,104677,17.0,920752372
1935-11-01 09:00:00,104678,438.8,920752372
1935-12-01 09:00:00,104679,699.0,920752372
1936-01-01 09:00:00,104680,674.4,920752372
1936-02-01 09:00:00,104681,539.6,920752372
1936-03-01 09:00:00,104682,464.8,920752372
1936-04-01 09:00:00,104683,251.4,920752372
1936-05-01 09:00:00,104684,36.8,920752372
1936-06-01 09:00:00,104685,61.8,920752372
1936-07-01 09:00:00,104686,31.2,920752372
1936-08-01 09:00:00,104687,3.4,920752372
1936-09-01 09:00:00,104688,31.4,920752372
1936-10-01 09:00:00,104689,72.2,920752372
1936-11-01 09:00:00,104690,113.4,920752372
1936-12-01 09:00:00,104691,127.2,920752372
1937-01-01 09:00:00,104692,607.2,920752372
1937-02-01 09:00:00,104693,263.8,920752372
1937-03-01 09:00:00,104694,469.6,920752372
1937-04-01 09:00:00,104695,206.8,920752372
1937-05-01 09:00:00,104696,72.4,920752372
1937-06-01 09:00:00,104697,37.8,920752372
1937-07-01 09:00:00,104698,3.2,920752372
1937-08-01 09:00:00,104699,0.0,920752372
1937-09-01 09:00:00,104700,95.4,920752372
1937-10-01 09:00:00,104701,187.4,920752372
1937-11-01 09:00:00,104702,359.8,920752372
1937-12-01 09:00:00,104703,290.4,920752372
1938-01-01 09:00:00,104704,143.0,920752372
1938-02-01 09:00:00,104705,29.4,920752372
1938-03-01 09:00:00,104706,40.8,920752372
1938-04-01 09:00:00,104707,34.2,920752372
1938-05-01 09:00:00,104708,127.4,920752372
1938-06-01 09:00:00,104709,6.6,920752372
1938-07-01 09:00:00,104710,4.8,920752372
1938-08-01 09:00:00,104711,0.2,920752372
1938-09-01 09:00:00,104712,30.0,920752372
1938-10-01 09:00:00,104713,72.2,920752372
1938-11-01 09:00:00,104714,152.6,920752372
1938-12-01 09:00:00,104715,256.9,920752372
1939-01-01 09:00:00,104716,760.1,920752372
1939-02-01 09:00:00,104717,80.2,920752372
1939-03-01 09:00:00,104718,74.7,920752372
1939-04-01 09:00:00,104719,222.9,920752372
1939-05-01 09:00:00,104720,61.9,920752372
1939-06-01 09:00:00,104721,88.8,920752372
1939-07-01 09:00:00,104722,21.6,920752372
1939-08-01 09:00:00,104723,37.8,920752372
1939-09-01 09:00:00,104724,144.3,920752372
1939-10-01 09:00:00,104725,268.0,920752372
1939-11-01 09:00:00,104726,148.2,920752372
1939-12-01 09:00:00,104727,143.7,920752372
1940-01-01 09:00:00,104728,367.2,920752372
1940-02-01 09:00:00,104729,503.4,920752372
1940-03-01 09:00:00,104730,265.1,920752372
1940-04-01 09:00:00,104731,164.7,920752372
1940-05-01 09:00:00,104732,134.8,920752372
1940-06-01 09:00:00,104733,47.9,920752372
1940-07-01 09:00:00,104734,19.1,920752372
1940-08-01 09:00:00,104735,0.4,920752372
1940-09-01 09:00:00,104736,29.0,920752372
1940-10-01 09:00:00,104737,193.0,920752372
1940-11-01 09:00:00,104738,303.2,920752372
1940-12-01 09:00:00,104739,110.6,920752372
1941-01-01 09:00:00,104740,598.6,920752372
1941-02-01 09:00:00,104741,463.1,920752372
1941-03-01 09:00:00,104742,255.3,920752372
1941-04-01 09:00:00,104743,271.6,920752372
1941-05-01 09:00:00,104744,162.9,920752372
1941-06-01 09:00:00,104745,97.1,920752372
1941-07-01 09:00:00,104746,78.3,920752372
1941-08-01 09:00:00,104747,7.6,920752372
1941-09-01 09:00:00,104748,28.3,920752372
1941-10-01 09:00:00,104749,0.6,920752372
1941-11-01 09:00:00,104750,302.8,920752372
1941-12-01 09:00:00,104751,17.5,920752372
1942-01-01 09:00:00,104752,153.5,920752372
1942-02-01 09:00:00,104753,35.1,920752372
1942-03-01 09:00:00,104754,385.5,920752372
1942-04-01 09:00:00,104755,216.8,920752372
1942-05-01 09:00:00,104756,219.6,920752372
1942-06-01 09:00:00,104757,97.8,920752372
1942-07-01 09:00:00,104758,0.3,920752372
1942-08-01 09:00:00,104759,13.7,920752372
1942-09-01 09:00:00,104760,77.4,920752372
1942-10-01 09:00:00,104761,177.4,920752372
1942-11-01 09:00:00,104762,72.8,920752372
1942-12-01 09:00:00,104763,320.9,920752372
1943-01-01 09:00:00,104764,556.5,920752372
1943-02-01 09:00:00,104765,72.1,920752372
1943-03-01 09:00:00,104766,134.0,920752372
1943-04-01 09:00:00,104767,47.3,920752372
1943-05-01 09:00:00,104768,26.1,920752372
1943-06-01 09:00:00,104769,2.2,920752372
1943-07-01 09:00:00,104770,61.5,920752372
1943-08-01 09:00:00,104771,13.0,920752372
1943-09-01 09:00:00,104772,180.4,920752372
1943-10-01 09:00:00,104773,444.1,920752372
1943-11-01 09:00:00,104774,90.7,920752372
1943-12-01 09:00:00,104775,195.8,920752372
1944-01-01 09:00:00,104776,12.2,920752372
1944-02-01 09:00:00,104777,65.8,920752372
1944-03-01 09:00:00,104778,96.3,920752372
1944-04-01 09:00:00,104779,194.1,920752372
1944-05-01 09:00:00,104780,45.6,920752372
1944-06-01 09:00:00,104781,45.9,920752372
1944-07-01 09:00:00,104782,59.2,920752372
1944-08-01 09:00:00,104783,65.6,920752372
1944-09-01 09:00:00,104784,29.4,920752372
1944-10-01 09:00:00,104785,108.8,920752372
1944-11-01 09:00:00,104786,110.1,920752372
1944-12-01 09:00:00,104787,209.5,920752372
1945-01-01 09:00:00,104788,188.7,920752372
1945-02-01 09:00:00,104789,35.4,920752372
1945-03-01 09:00:00,104790,40.6,920752372
1945-04-01 09:00:00,104791,53.2,920752372
1945-05-01 09:00:00,104792,90.3,920752372
1945-06-01 09:00:00,104793,27.2,920752372
1945-07-01 09:00:00,104794,4.3,920752372
1945-08-01 09:00:00,104795,39.9,920752372
1945-09-01 09:00:00,104796,7.8,920752372
1945-10-01 09:00:00,104797,167.0,920752372
1945-11-01 09:00:00,104798,173.4,920752372
1945-12-01 09:00:00,104799,479.6,920752372
1946-01-01 09:00:00,104800,88.9,920752372
1946-02-01 09:00:00,104801,51.3,920752372
1946-03-01 09:00:00,104802,277.1,920752372
1946-04-01 09:00:00,104803,154.2,920752372
1946-05-01 09:00:00,104804,231.7,920752372
1946-06-01 09:00:00,104805,73.5,920752372
1946-07-01 09:00:00,104806,0.4,920752372
1946-08-01 09:00:00,104807,16.6,920752372
1946-09-01 09:00:00,104808,49.3,920752372
1946-10-01 09:00:00,104809,166.5,920752372
1946-11-01 09:00:00,104810,257.5,920752372
1946-12-01 09:00:00,104811,148.7,920752372
1947-01-01 09:00:00,104812,190.8,920752372
1947-02-01 09:00:00,104813,620.6,920752372
1947-03-01 09:00:00,104814,444.7,920752372
1947-04-01 09:00:00,104815,84.8,920752372
1947-05-01 09:00:00,104816,96.3,920752372
1947-06-01 09:00:00,104817,21.2,920752372
1947-07-01 09:00:00,104818,0.0,920752372
1947-08-01 09:00:00,104819,3.3,920752372
1947-09-01 09:00:00,104820,44.9,920752372
1947-10-01 09:00:00,104821,78.6,920752372
1947-11-01 09:00:00,104822,108.3,920752372
1947-12-01 09:00:00,104823,220.1,920752372
1948-01-01 09:00:00,104824,556.4,920752372
1948-02-01 09:00:00,104825,68.5,920752372
1948-03-01 09:00:00,104826,112.0,920752372
1948-04-01 09:00:00,104827,44.8,920752372
1948-05-01 09:00:00,104828,168.8,920752372
1948-06-01 09:00:00,104829,1.6,920752372
1948-07-01 09:00:00,104830,0.0,920752372
1948-08-01 09:00:00,104831,43.6,920752372
1948-09-01 09:00:00,104832,9.0,920752372
1948-10-01 09:00:00,104833,102.0,920752372
1948-11-01 09:00:00,104834,29.2,920752372
1948-12-01 09:00:00,104835,339.5,920752372
1949-01-01 09:00:00,104836,81.8,920752372
1949-02-01 09:00:00,104837,34.8,920752372
1949-03-01 09:00:00,104838,23.6,920752372
1949-04-01 09:00:00,104839,38.6,920752372
1949-05-01 09:00:00,104840,100.0,920752372
1949-06-01 09:00:00,104841,25.5,920752372
1949-07-01 09:00:00,104842,22.7,920752372
1949-08-01 09:00:00,104843,1.3,920752372
1949-09-01 09:00:00,104844,113.8,920752372
1949-10-01 09:00:00,104845,85.8,920752372
1949-11-01 09:00:00,104846,154.5,920752372
1949-12-01 09:00:00,104847,81.7,920752372
1950-01-01 09:00:00,104848,45.8,920752372
1950-02-01 09:00:00,104849,299.4,920752372
1950-03-01 09:00:00,104850,106.4,920752372
1950-04-01 09:00:00,104851,28.0,920752372
1950-05-01 09:00:00,104852,240.2,920752372
1950-06-01 09:00:00,104853,73.4,920752372
1950-07-01 09:00:00,104854,38.4,920752372
1950-08-01 09:00:00,104855,6.0,920752372
1950-09-01 09:00:00,104856,41.4,920752372
1950-10-01 09:00:00,104857,39.9,920752372
1950-11-01 09:00:00,104858,282.2,920752372
1950-12-01 09:00:00,104859,158.2,920752372
1951-01-01 09:00:00,104860,266.7,920752372
1951-02-01 09:00:00,104861,364.5,920752372
1951-03-01 09:00:00,104862,394.7,920752372
1951-04-01 09:00:00,104863,73.1,920752372
1951-05-01 09:00:00,104864,187.4,920752372
1951-06-01 09:00:00,104865,51.7,920752372
1951-07-01 09:00:00,104866,13.2,920752372
1951-08-01 09:00:00,104867,28.3,920752372
1951-09-01 09:00:00,104868,44.0,920752372
1951-10-01 09:00:00,104869,135.4,920752372
1951-11-01 09:00:00,104870,442.8,920752372
1951-12-01 09:00:00,104871,89.7,920752372
1952-01-01 09:00:00,104872,79.7,920752372
1952-02-01 09:00:00,104873,42.3,920752372
1952-03-01 09:00:00,104874,268.7,920752372
1952-04-01 09:00:00,104875,143.0,920752372
1952-05-01 09:00:00,104876,259.3,920752372
1952-06-01 09:00:00,104877,43.8,920752372
1952-07-01 09:00:00,104878,28.0,920752372
1952-08-01 09:00:00,104879,33.8,920752372
1952-09-01 09:00:00,104880,58.5,920752372
1952-10-01 09:00:00,104881,63.2,920752372
1952-11-01 09:00:00,104882,283.9,920752372
1952-12-01 09:00:00,104883,275.5,920752372
1953-01-01 09:00:00,104884,31.0,920752372
1953-02-01 09:00:00,104885,35.4,920752372
1953-03-01 09:00:00,104886,36.2,920752372
1953-04-01 09:00:00,104887,96.0,920752372
1953-05-01 09:00:00,104888,72.3,920752372
1953-06-01 09:00:00,104889,90.7,920752372
1953-07-01 09:00:00,104890,10.1,920752372
1953-08-01 09:00:00,104891,10.4,920752372
1953-09-01 09:00:00,104892,71.4,920752372
1953-10-01 09:00:00,104893,173.5,920752372
1953-11-01 09:00:00,104894,150.7,920752372
1953-12-01 09:00:00,104895,81.9,920752372
1954-01-01 09:00:00,104896,88.5,920752372
1954-02-01 09:00:00,104897,163.4,920752372
1954-03-01 09:00:00,104898,343.2,920752372
1954-04-01 09:00:00,104899,130.3,920752372
1954-05-01 09:00:00,104900,46.6,920752372
1954-06-01 09:00:00,104901,70.7,920752372
1954-07-01 09:00:00,104902,0.8,920752372
1954-08-01 09:00:00,104903,23.7,920752372
1954-09-01 09:00:00,104904,2.4,920752372
1954-10-01 09:00:00,104905,104.0,920752372
1954-11-01 09:00:00,104906,283.9,920752372
1954-12-01 09:00:00,104907,118.5,920752372
1955-01-01 09:00:00,104908,547.4,920752372
1955-02-01 09:00:00,104909,305.2,920752372
1955-03-01 09:00:00,104910,144.6,920752372
1955-04-01 09:00:00,104911,32.1,920752372
1955-05-01 09:00:00,104912,71.4,920752372
1955-06-01 09:00:00,104913,68.5,920752372
1955-07-01 09:00:00,104914,0.1,920752372
1955-08-01 09:00:00,104915,13.5,920752372
1955-09-01 09:00:00,104916,10.3,920752372
1955-10-01 09:00:00,104917,38.3,920752372
1955-11-01 09:00:00,104918,367.9,920752372
1955-12-01 09:00:00,104919,365.9,920752372
1956-01-01 09:00:00,104920,246.1,920752372
1956-02-01 09:00:00,104921,52.3,920752372
1956-03-01 09:00:00,104922,419.7,920752372
1956-04-01 09:00:00,104923,209.0,920752372
1956-05-01 09:00:00,104924,202.3,920752372
1956-06-01 09:00:00,104925,4.8,920752372
1956-07-01 09:00:00,104926,24.8,920752372
1956-08-01 09:00:00,104927,88.5,920752372
1956-09-01 09:00:00,104928,131.3,920752372
1956-10-01 09:00:00,104929,75.7,920752372
1956-11-01 09:00:00,104930,38.5,920752372
1956-12-01 09:00:00,104931,135.9,920752372
1957-01-01 09:00:00,104932,65.4,920752372
1957-02-01 09:00:00,104933,290.0,920752372
1957-03-01 09:00:00,104934,151.9,920752372
1957-04-01 09:00:00,104935,72.7,920752372
1957-05-01 09:00:00,104936,91.6,920752372
1957-06-01 09:00:00,104937,38.1,920752372
1957-07-01 09:00:00,104938,6.1,920752372
1957-08-01 09:00:00,104939,19.7,920752372
1957-09-01 09:00:00,104940,53.6,920752372
1957-10-01 09:00:00,104941,23.9,920752372
1957-11-01 09:00:00,104942,189.3,920752372
1957-12-01 09:00:00,104943,182.6,920752372
1958-01-01 09:00:00,104944,270.2,920752372
1958-02-01 09:00:00,104945,198.3,920752372
1958-03-01 09:00:00,104946,308.6,920752372
1958-04-01 09:00:00,104947,128.0,920752372
1958-05-01 09:00:00,104948,74.4,920752372
1958-06-01 09:00:00,104949,117.4,920752372
1958-07-01 09:00:00,104950,26.2,920752372
1958-08-01 09:00:00,104951,26.3,920752372
1958-09-01 09:00:00,104952,43.0,920752372
1958-10-01 09:00:00,104953,103.2,920752372
1958-11-01 09:00:00,104954,10.1,920752372
1958-12-01 09:00:00,104955,443.3,920752372
1959-01-01 09:00:00,104956,273.0,920752372
1959-02-01 09:00:00,104957,36.2,920752372
1959-03-01 09:00:00,104958,320.5,920752372
1959-04-01 09:00:00,104959,222.4,920752372
1959-05-01 09:00:00,104960,127.6,920752372
1959-06-01 09:00:00,104961,24.5,920752372
1959-07-01 09:00:00,104962,0.2,920752372
1959-08-01 09:00:00,104963,25.9,920752372
1959-09-01 09:00:00,104964,159.2,920752372
1959-10-01 09:00:00,104965,172.5,920752372
1959-11-01 09:00:00,104966,360.0,920752372
1959-12-01 09:00:00,104967,500.0,920752372
1960-01-01 09:00:00,104968,215.7,920752372
1960-02-01 09:00:00,104969,456.4,920752372
1960-03-01 09:00:00,104970,352.0,920752372
1960-04-01 09:00:00,104971,97.6,920752372
1960-05-01 09:00:00,104972,154.7,920752372
1960-06-01 09:00:00,104973,43.8,920752372
1960-07-01 09:00:00,104974,1.6,920752372
1960-08-01 09:00:00,104975,62.5,920752372
1960-09-01 09:00:00,104976,146.8,920752372
1960-10-01 09:00:00,104977,502.6,920752372
1960-11-01 09:00:00,104978,408.4,920752372
1960-12-01 09:00:00,104979,243.3,920752372
1961-01-01 09:00:00,104980,199.1,920752372
1961-02-01 09:00:00,104981,79.1,920752372
1961-03-01 09:00:00,104982,16.5,920752372
1961-04-01 09:00:00,104983,237.7,920752372
1961-05-01 09:00:00,104984,115.3,920752372
1961-06-01 09:00:00,104985,73.8,920752372
1961-07-01 09:00:00,104986,29.1,920752372
1961-08-01 09:00:00,104987,4.7,920752372
1961-09-01 09:00:00,104988,77.8,920752372
1961-10-01 09:00:00,104989,229.8,920752372
1961-11-01 09:00:00,104990,167.7,920752372
1961-12-01 09:00:00,104991,396.5,920752372
1962-01-01 09:00:00,104992,247.7,920752372
1962-02-01 09:00:00,104993,47.2,920752372
1962-03-01 09:00:00,104994,311.7,920752372
1962-04-01 09:00:00,104995,73.5,920752372
1962-05-01 09:00:00,104996,35.5,920752372
1962-06-01 09:00:00,104997,27.1,920752372
1962-07-01 09:00:00,104998,15.3,920752372
1962-08-01 09:00:00,104999,0.2,920752372
1962-09-01 09:00:00,105000,33.2,920752372
1962-10-01 09:00:00,105001,87.7,920752372
1962-11-01 09:00:00,105002,111.4,920752372
1962-12-01 09:00:00,105003,90.9,920752372
1963-01-01 09:00:00,105004,357.2,920752372
1963-02-01 09:00:00,105005,387.6,920752372
1963-03-01 09:00:00,105006,325.6,920752372
1963-04-01 09:00:00,105007,233.6,920752372
1963-05-01 09:00:00,105008,49.5,920752372
1963-06-01 09:00:00,105009,121.8,920752372
1963-07-01 09:00:00,105010,0.2,920752372
1963-08-01 09:00:00,105011,4.7,920752372
1963-09-01 09:00:00,105012,61.9,920752372
1963-10-01 09:00:00,105013,106.9,920752372
1963-11-01 09:00:00,105014,691.1,920752372
1963-12-01 09:00:00,105015,273.2,920752372
1964-01-01 09:00:00,105016,21.3,920752372
1964-02-01 09:00:00,105017,471.1,920752372
1964-03-01 09:00:00,105018,327.1,920752372
1964-04-01 09:00:00,105019,58.6,920752372
1964-05-01 09:00:00,105020,41.1,920752372
1964-06-01 09:00:00,105021,111.3,920752372
1964-07-01 09:00:00,105022,22.6,920752372
1964-08-01 09:00:00,105023,21.4,920752372
1964-09-01 09:00:00,105024,55.5,920752372
1964-10-01 09:00:00,105025,104.7,920752372
1964-11-01 09:00:00,105026,19.5,920752372
1964-12-01 09:00:00,105027,63.7,920752372
1965-01-01 09:00:00,105028,279.5,920752372
1965-02-01 09:00:00,105029,83.2,920752372
1965-03-01 09:00:00,105030,294.6,920752372
1965-04-01 09:00:00,105031,27.7,920752372
1965-05-01 09:00:00,105032,42.9,920752372
1965-06-01 09:00:00,105033,20.2,920752372
1965-07-01 09:00:00,105034,2.2,920752372
1965-08-01 09:00:00,105035,5.6,920752372
1965-09-01 09:00:00,105036,236.2,920752372
1965-10-01 09:00:00,105037,145.8,920752372
1965-11-01 09:00:00,105038,464.7,920752372
1965-12-01 09:00:00,105039,341.9,920752372
1966-01-01 09:00:00,105040,495.9,920752372
1966-02-01 09:00:00,105041,729.8,920752372
1966-03-01 09:00:00,105042,1.0,920752372
1966-04-01 09:00:00,105043,426.2,920752372
1966-05-01 09:00:00,105044,48.5,920752372
1966-06-01 09:00:00,105045,83.3,920752372
1966-07-01 09:00:00,105046,1.3,920752372
1966-08-01 09:00:00,105047,35.0,920752372
1966-09-01 09:00:00,105048,33.5,920752372
1966-10-01 09:00:00,105049,527.2,920752372
1966-11-01 09:00:00,105050,111.3,920752372
1966-12-01 09:00:00,105051,99.4,920752372
1967-01-01 09:00:00,105052,185.2,920752372
1967-02-01 09:00:00,105053,203.6,920752372
1967-03-01 09:00:00,105054,127.8,920752372
1967-04-01 09:00:00,105055,41.6,920752372
1967-05-01 09:00:00,105056,191.1,920752372
1967-06-01 09:00:00,105057,10.8,920752372
1967-07-01 09:00:00,105058,0.0,920752372
1967-08-01 09:00:00,105059,28.1,920752372
1967-09-01 09:00:00,105060,69.8,920752372
1967-10-01 09:00:00,105061,66.6,920752372
1967-11-01 09:00:00,105062,187.3,920752372
1967-12-01 09:00:00,105063,23.4,920752372
1968-01-01 09:00:00,105064,20.6,920752372
1968-02-01 09:00:00,105065,486.9,920752372
1968-03-01 09:00:00,105066,74.5,920752372
1968-04-01 09:00:00,105067,216.4,920752372
1968-05-01 09:00:00,105068,163.1,920752372
1968-06-01 09:00:00,105069,8.0,920752372
1968-07-01 09:00:00,105070,1.1,920752372
1968-08-01 09:00:00,105071,61.1,920752372
1968-09-01 09:00:00,105072,113.9,920752372
1968-10-01 09:00:00,105073,118.9,920752372
1968-11-01 09:00:00,105074,359.1,920752372
1968-12-01 09:00:00,105075,238.9,920752372
1969-01-01 09:00:00,105076,328.1,920752372
1969-02-01 09:00:00,105077,274.0,920752372
1969-03-01 09:00:00,105078,348.5,920752372
1969-04-01 09:00:00,105079,118.7,920752372
1969-05-01 09:00:00,105080,287.6,920752372
1969-06-01 09:00:00,105081,72.0,920752372
1969-07-01 09:00:00,105082,6.0,920752372
1969-08-01 09:00:00,105083,0.5,920752372
1969-09-01 09:00:00,105084,134.0,920752372
1969-10-01 09:00:00,105085,54.6,920752372
1969-11-01 09:00:00,105086,222.1,920752372
1969-12-01 09:00:00,105087,184.0,920752372
1970-01-01 09:00:00,105088,601.6,920752372
1970-02-01 09:00:00,105089,66.2,920752372
1970-03-01 09:00:00,105090,30.2,920752372
1970-04-01 09:00:00,105091,21.9,920752372
1970-05-01 09:00:00,105092,205.8,920752372
1970-06-01 09:00:00,105093,66.2,920752372
1970-07-01 09:00:00,105094,6.8,920752372
1970-08-01 09:00:00,105095,23.3,920752372
1970-09-01 09:00:00,105096,13.7,920752372
1970-10-01 09:00:00,105097,9.3,920752372
1970-11-01 09:00:00,105098,249.6,920752372
1970-12-01 09:00:00,105099,50.4,920752372
1971-01-01 09:00:00,105100,397.7,920752372
1971-02-01 09:00:00,105101,57.3,920752372
1971-03-01 09:00:00,105102,147.6,920752372
1971-04-01 09:00:00,105103,180.4,920752372
1971-05-01 09:00:00,105104,141.8,920752372
1971-06-01 09:00:00,105105,170.3,920752372
1971-07-01 09:00:00,105106,114.6,920752372
1971-08-01 09:00:00,105107,43.1,920752372
1971-09-01 09:00:00,105108,5.8,920752372
1971-10-01 09:00:00,105109,41.7,920752372
1971-11-01 09:00:00,105110,39.1,920752372
1971-12-01 09:00:00,105111,71.3,920752372
1972-01-01 09:00:00,105112,269.8,920752372
1972-02-01 09:00:00,105113,416.9,920752372
1972-03-01 09:00:00,105114,166.9,920752372
1972-04-01 09:00:00,105115,35.0,920752372
1972-05-01 09:00:00,105116,61.7,920752372
1972-06-01 09:00:00,105117,60.9,920752372
1972-07-01 09:00:00,105118,46.3,920752372
1972-08-01 09:00:00,105119,0.3,920752372
1972-09-01 09:00:00,105120,90.4,920752372
1972-10-01 09:00:00,105121,227.3,920752372
1972-11-01 09:00:00,105122,135.3,920752372
1972-12-01 09:00:00,105123,236.6,920752372
1973-01-01 09:00:00,105124,288.0,920752372
1973-02-01 09:00:00,105125,43.3,920752372
1973-03-01 09:00:00,105126,45.0,920752372
1973-04-01 09:00:00,105127,66.5,920752372
1973-05-01 09:00:00,105128,300.3,920752372
1973-06-01 09:00:00,105129,26.5,920752372
1973-07-01 09:00:00,105130,41.2,920752372
1973-08-01 09:00:00,105131,2.9,920752372
1973-09-01 09:00:00,105132,65.2,920752372
1973-10-01 09:00:00,105133,189.7,920752372
1973-11-01 09:00:00,105134,74.5,920752372
1973-12-01 09:00:00,105135,142.6,920752372
1974-01-01 09:00:00,105136,472.3,920752372
1974-02-01 09:00:00,105137,271.8,920752372
1974-03-01 09:00:00,105138,61.8,920752372
1974-04-01 09:00:00,105139,40.2,920752372
1974-05-01 09:00:00,105140,115.6,920752372
1974-06-01 09:00:00,105141,283.3,920752372
1974-07-01 09:00:00,105142,4.1,920752372
1974-08-01 09:00:00,105143,0.2,920752372
1974-09-01 09:00:00,105144,33.6,920752372
1974-10-01 09:00:00,105145,13.5,920752372
1974-11-01 09:00:00,105146,333.8,920752372
1974-12-01 09:00:00,105147,31.7,920752372
1975-01-01 09:00:00,105148,222.5,920752372
1975-02-01 09:00:00,105149,182.9,920752372
1975-03-01 09:00:00,105150,228.3,920752372
1975-04-01 09:00:00,105151,37.4,920752372
1975-05-01 09:00:00,105152,68.1,920752372
1975-06-01 09:00:00,105153,12.3,920752372
1975-07-01 09:00:00,105154,1.3,920752372
1975-08-01 09:00:00,105155,2.5,920752372
1975-09-01 09:00:00,105156,105.2,920752372
1975-10-01 09:00:00,105157,90.7,920752372
1975-11-01 09:00:00,105158,118.7,920752372
1975-12-01 09:00:00,105159,36.8,920752372
1976-01-01 09:00:00,105160,129.2,920752372
1976-02-01 09:00:00,105161,84.7,920752372
1976-03-01 09:00:00,105162,72.9,920752372
1976-04-01 09:00:00,105163,52.5,920752372
1976-05-01 09:00:00,105164,14.7,920752372
1976-06-01 09:00:00,105165,28.0,920752372
1976-07-01 09:00:00,105166,75.7,920752372
1976-08-01 09:00:00,105167,78.3,920752372
1976-09-01 09:00:00,105168,121.3,920752372
1976-10-01 09:00:00,105169,369.3,920752372
1976-11-01 09:00:00,105170,224.7,920752372
1976-12-01 09:00:00,105171,329.6,920752372
1977-01-01 09:00:00,105172,428.4,920752372
1977-02-01 09:00:00,105173,491.5,920752372
1977-03-01 09:00:00,105174,128.9,920752372
1977-04-01 09:00:00,105175,76.3,920752372
1977-05-01 09:00:00,105176,70.8,920752372
1977-06-01 09:00:00,105177,109.5,920752372
1977-07-01 09:00:00,105178,14.6,920752372
1977-08-01 09:00:00,105179,45.2,920752372
1977-09-01 09:00:00,105180,25.2,920752372
1977-10-01 09:00:00,105181,204.8,920752372
1977-11-01 09:00:00,105182,99.3,920752372
1977-12-01 09:00:00,105183,543.1,920752372
1978-01-01 09:00:00,105184,184.1,920752372
1978-02-01 09:00:00,105185,544.0,920752372
1978-03-01 09:00:00,105186,199.8,920752372
1978-04-01 09:00:00,105187,183.9,920752372
1978-05-01 09:00:00,105188,107.5,920752372
1978-06-01 09:00:00,105189,43.8,920752372
1978-07-01 09:00:00,105190,0.0,920752372
1978-08-01 09:00:00,105191,0.0,920752372
1978-09-01 09:00:00,105192,13.9,920752372
1978-10-01 09:00:00,105193,41.1,920752372
1978-11-01 09:00:00,105194,74.1,920752372
1978-12-01 09:00:00,105195,958.0,920752372
1979-01-01 09:00:00,105196,239.2,920752372
1979-02-01 09:00:00,105197,598.9,920752372
1979-03-01 09:00:00,105198,338.9,920752372
1979-04-01 09:00:00,105199,171.1,920752372
1979-05-01 09:00:00,105200,94.5,920752372
1979-06-01 09:00:00,105201,42.8,920752372
1979-07-01 09:00:00,105202,39.1,920752372
1979-08-01 09:00:00,105203,0.0,920752372
1979-09-01 09:00:00,105204,1.4,920752372
1979-10-01 09:00:00,105205,399.8,920752372
1979-11-01 09:00:00,105206,104.4,920752372
1979-12-01 09:00:00,105207,202.2,920752372
1980-01-01 09:00:00,105208,160.2,920752372
1980-02-01 09:00:00,105209,108.0,920752372
1980-03-01 09:00:00,105210,191.5,920752372
1980-04-01 09:00:00,105211,47.7,920752372
1980-05-01 09:00:00,105212,101.7,920752372
1980-06-01 09:00:00,105213,59.5,920752372
1980-07-01 09:00:00,105214,18.4,920752372
1980-08-01 09:00:00,105215,10.0,920752372
1980-09-01 09:00:00,105216,48.5,920752372
1980-10-01 09:00:00,105217,103.6,920752372
1980-11-01 09:00:00,105218,205.0,920752372
1980-12-01 09:00:00,105219,67.0,920752372
1981-01-01 09:00:00,105220,0.3,920752372
1981-02-01 09:00:00,105221,143.2,920752372
1981-03-01 09:00:00,105222,151.8,920752372
1981-04-01 09:00:00,105223,118.7,920752372
1981-05-01 09:00:00,105224,183.7,920752372
1981-06-01 09:00:00,105225,30.9,920752372
1981-07-01 09:00:00,105226,14.0,920752372
1981-08-01 09:00:00,105227,0.3,920752372
1981-09-01 09:00:00,105228,125.7,920752372
1981-10-01 09:00:00,105229,216.8,920752372
1981-11-01 09:00:00,105230,0.0,920752372
1981-12-01 09:00:00,105231,641.0,920752372
1982-01-01 09:00:00,105232,164.5,920752372
1982-02-01 09:00:00,105233,117.4,920752372
1982-03-01 09:00:00,105234,8.6,920752372
1982-04-01 09:00:00,105235,83.3,920752372
1982-05-01 09:00:00,105236,76.1,920752372
1982-06-01 09:00:00,105237,37.2,920752372
1982-07-01 09:00:00,105238,0.7,920752372
1982-08-01 09:00:00,105239,19.7,920752372
1982-09-01 09:00:00,105240,138.1,920752372
1982-10-01 09:00:00,105241,72.1,920752372
1982-11-01 09:00:00,105242,196.1,920752372
1982-12-01 09:00:00,105243,185.1,920752372
1983-01-01 09:00:00,105244,27.1,920752372
1983-02-01 09:00:00,105245,217.0,920752372
1983-03-01 09:00:00,105246,16.8,920752372
1983-04-01 09:00:00,105247,374.1,920752372
1983-05-01 09:00:00,105248,229.2,920752372
1983-06-01 09:00:00,105249,40.9,920752372
1983-07-01 09:00:00,105250,11.1,920752372
1983-08-01 09:00:00,105251,49.1,920752372
1983-09-01 09:00:00,105252,13.4,920752372
1983-10-01 09:00:00,105253,59.9,920752372
1983-11-01 09:00:00,105254,240.9,920752372
1983-12-01 09:00:00,105255,354.8,920752372
1984-01-01 09:00:00,105256,217.6,920752372
1984-02-01 09:00:00,105257,34.1,920752372
1984-03-01 09:00:00,105258,205.5,920752372
1984-04-01 09:00:00,105259,144.5,920752372
1984-05-01 09:00:00,105260,153.7,920752372
1984-06-01 09:00:00,105261,111.1,920752372
1984-07-01 09:00:00,105262,1.0,920752372
1984-08-01 09:00:00,105263,31.2,920752372
1984-09-01 09:00:00,105264,52.0,920752372
1984-10-01 09:00:00,105265,263.6,920752372
1984-11-01 09:00:00,105266,397.8,920752372
1984-12-01 09:00:00,105267,161.4,920752372
1985-01-01 09:00:00,105268,319.1,920752372
1985-02-01 09:00:00,105269,369.7,920752372
1985-03-01 09:00:00,105270,151.5,920752372
1985-04-01 09:00:00,105271,176.2,920752372
1985-05-01 09:00:00,105272,95.4,920752372
1985-06-01 09:00:00,105273,53.4,920752372
1985-07-01 09:00:00,105274,6.5,920752372
1985-08-01 09:00:00,105275,0.0,920752372
1985-09-01 09:00:00,105276,5.6,920752372
1985-10-01 09:00:00,105277,20.1,920752372
1985-11-01 09:00:00,105278,238.1,920752372
1985-12-01 09:00:00,105279,266.1,920752372
1986-01-01 09:00:00,105280,251.4,920752372
1986-02-01 09:00:00,105281,393.3,920752372
1986-03-01 09:00:00,105282,56.4,920752372
1986-04-01 09:00:00,105283,122.1,920752372
1986-05-01 09:00:00,105284,22.3,920752372
1986-06-01 09:00:00,105285,29.6,920752372
1986-07-01 09:00:00,105286,0.0,920752372
1986-08-01 09:00:00,105287,19.9,920752372
1986-09-01 09:00:00,105288,160.2,920752372
1986-10-01 09:00:00,105289,48.1,920752372
1986-11-01 09:00:00,105290,118.4,920752372
1986-12-01 09:00:00,105291,145.4,920752372
1987-01-01 09:00:00,105292,215.6,920752372
1987-02-01 09:00:00,105293,258.0,920752372
1987-03-01 09:00:00,105294,114.6,920752372
1987-04-01 09:00:00,105295,202.4,920752372
1987-05-01 09:00:00,105296,9.2,920752372
1987-06-01 09:00:00,105297,31.7,920752372
1987-07-01 09:00:00,105298,45.2,920752372
1987-08-01 09:00:00,105299,9.5,920752372
1987-09-01 09:00:00,105300,194.8,920752372
1987-10-01 09:00:00,105301,443.0,920752372
1987-11-01 09:00:00,105302,31.9,920752372
1987-12-01 09:00:00,105303,284.6,920752372
1988-01-01 09:00:00,105304,326.8,920752372
1988-02-01 09:00:00,105305,165.7,920752372
1988-03-01 09:00:00,105306,4.8,920752372
1988-04-01 09:00:00,105307,172.7,920752372
1988-05-01 09:00:00,105308,189.3,920752372
1988-06-01 09:00:00,105309,261.4,920752372
1988-07-01 09:00:00,105310,94.1,920752372
1988-08-01 09:00:00,105311,0.0,920752372
1988-09-01 09:00:00,105312,0.8,920752372
1988-10-01 09:00:00,105313,197.8,920752372
1988-11-01 09:00:00,105314,59.9,920752372
1988-12-01 09:00:00,105315,34.7,920752372
1989-01-01 09:00:00,105316,32.5,920752372
1989-02-01 09:00:00,105317,215.1,920752372
1989-03-01 09:00:00,105318,50.5,920752372
1989-04-01 09:00:00,105319,151.9,920752372
1989-05-01 09:00:00,105320,60.9,920752372
1989-06-01 09:00:00,105321,8.9,920752372
1989-07-01 09:00:00,105322,0.0,920752372
1989-08-01 09:00:00,105323,57.9,920752372
1989-09-01 09:00:00,105324,0.8,920752372
1989-10-01 09:00:00,105325,130.6,920752372
1989-11-01 09:00:00,105326,286.8,920752372
1989-12-01 09:00:00,105327,466.3,920752372
1990-01-01 09:00:00,105328,194.3,920752372
1990-02-01 09:00:00,105329,126.9,920752372
1990-03-01 09:00:00,105330,8.6,920752372
1990-04-01 09:00:00,105331,94.5,920752372
1990-05-01 09:00:00,105332,19.9,920752372
1990-06-01 09:00:00,105333,0.6,920752372
1990-07-01 09:00:00,105334,13.7,920752372
1990-08-01 09:00:00,105335,36.3,920752372
1990-09-01 09:00:00,105336,252.9,920752372
1990-10-01 09:00:00,105337,319.6,920752372
1990-11-01 09:00:00,105338,120.3,920752372
1990-12-01 09:00:00,105339,120.1,920752372
1991-01-01 09:00:00,105340,216.1,920752372
1991-02-01 09:00:00,105341,198.2,920752372
1991-03-01 09:00:00,105342,284.1,920752372
1991-04-01 09:00:00,105343,39.3,920752372
1991-05-01 09:00:00,105344,15.5,920752372
1991-06-01 09:00:00,105345,14.4,920752372
1991-07-01 09:00:00,105346,17.9,920752372
1991-08-01 09:00:00,105347,16.6,920752372
1991-09-01 09:00:00,105348,79.7,920752372
1991-10-01 09:00:00,105349,99.0,920752372
1991-11-01 09:00:00,105350,239.5,920752372
1991-12-01 09:00:00,105351,50.3,920752372
1992-01-01 09:00:00,105352,114.6,920752372
1992-02-01 09:00:00,105353,57.7,920752372
1992-03-01 09:00:00,105354,68.6,920752372
1992-04-01 09:00:00,105355,148.2,920752372
1992-05-01 09:00:00,105356,113.8,920752372
1992-06-01 09:00:00,105357,45.5,920752372
1992-07-01 09:00:00,105358,1.8,920752372
1992-08-01 09:00:00,105359,55.5,920752372
1992-09-01 09:00:00,105360,60.9,920752372
1992-10-01 09:00:00,105361,169.2,920752372
1992-11-01 09:00:00,105362,94.1,920752372
1992-12-01 09:00:00,105363,187.7,920752372
1993-01-01 09:00:00,105364,87.2,920752372
1993-02-01 09:00:00,105365,26.4,920752372
1993-03-01 09:00:00,105366,25.9,920752372
1993-04-01 09:00:00,105367,176.5,920752372
1993-05-01 09:00:00,105368,216.9,920752372
1993-06-01 09:00:00,105369,32.6,920752372
1993-07-01 09:00:00,105370,4.7,920752372
1993-08-01 09:00:00,105371,7.4,920752372
1993-09-01 09:00:00,105372,218.6,920752372
1993-10-01 09:00:00,105373,529.8,920752372
1993-11-01 09:00:00,105374,160.6,920752372
1993-12-01 09:00:00,105375,85.1,920752372
1994-01-01 09:00:00,105376,313.7,920752372
1994-02-01 09:00:00,105377,194.5,920752372
1994-03-01 09:00:00,105378,3.9,920752372
1994-04-01 09:00:00,105379,98.5,920752372
1994-05-01 09:00:00,105380,328.6,920752372
1994-06-01 09:00:00,105381,10.7,920752372
1994-07-01 09:00:00,105382,9.5,920752372
1994-08-01 09:00:00,105383,55.6,920752372
1994-09-01 09:00:00,105384,34.9,920752372
1994-10-01 09:00:00,105385,153.6,920752372
1994-11-01 09:00:00,105386,200.6,920752372
1994-12-01 09:00:00,105387,144.2,920752372
1995-01-01 09:00:00,105388,294.7,920752372
1995-02-01 09:00:00,105389,193.0,920752372
1995-03-01 09:00:00,105390,38.1,920752372
1995-04-01 09:00:00,105391,50.5,920752372
1995-05-01 09:00:00,105392,101.6,920752372
1995-06-01 09:00:00,105393,7.8,920752372
1995-07-01 09:00:00,105394,18.4,920752372
1995-08-01 09:00:00,105395,0.0,920752372
1995-09-01 09:00:00,105396,96.4,920752372
1995-10-01 09:00:00,105397,116.8,920752372
1995-11-01 09:00:00,105398,318.0,920752372
1995-12-01 09:00:00,105399,513.1,920752372
1996-01-01 09:00:00,105400,481.3,920752372
1996-02-01 09:00:00,105401,234.2,920752372
1996-03-01 09:00:00,105402,126.6,920752372
1996-04-01 09:00:00,105403,100.9,920752372
1996-05-01 09:00:00,105404,163.9,920752372
1996-06-01 09:00:00,105405,1.2,920752372
1996-07-01 09:00:00,105406,14.3,920752372
1996-08-01 09:00:00,105407,1.5,920752372
1996-09-01 09:00:00,105408,99.2,920752372
1996-10-01 09:00:00,105409,114.9,920752372
1996-11-01 09:00:00,105410,205.3,920752372
1996-12-01 09:00:00,105411,386.3,920752372
1997-01-01 09:00:00,105412,262.0,920752372
1997-02-01 09:00:00,105413,23.5,920752372
1997-03-01 09:00:00,105414,0.0,920752372
1997-04-01 09:00:00,105415,61.7,920752372
1997-05-01 09:00:00,105416,181.2,920752372
1997-06-01 09:00:00,105417,151.7,920752372
1997-07-01 09:00:00,105418,34.2,920752372
1997-08-01 09:00:00,105419,58.9,920752372
1997-09-01 09:00:00,105420,10.6,920752372
1997-10-01 09:00:00,105421,238.6,920752372
1997-11-01 09:00:00,105422,469.7,920752372
1997-12-01 09:00:00,105423,344.1,920752372
1998-01-01 09:00:00,105424,160.1,920752372
1998-02-01 09:00:00,105425,45.3,920752372
1998-03-01 09:00:00,105426,55.3,920752372
1998-04-01 09:00:00,105427,220.1,920752372
1998-05-01 09:00:00,105428,95.2,920752372
1998-06-01 09:00:00,105429,78.1,920752372
1998-07-01 09:00:00,105430,7.0,920752372
1998-08-01 09:00:00,105431,3.8,920752372
1998-09-01 09:00:00,105432,189.8,920752372
1998-10-01 09:00:00,105433,64.2,920752372
1998-11-01 09:00:00,105434,116.7,920752372
1998-12-01 09:00:00,105435,97.0,920752372
1999-01-01 09:00:00,105436,129.4,920752372
1999-02-01 09:00:00,105437,25.3,920752372
1999-03-01 09:00:00,105438,143.9,920752372
1999-04-01 09:00:00,105439,123.5,920752372
1999-05-01 09:00:00,105440,104.3,920752372
1999-06-01 09:00:00,105441,16.6,920752372
1999-07-01 09:00:00,105442,13.5,920752372
1999-08-01 09:00:00,105443,84.5,920752372
1999-09-01 09:00:00,105444,208.1,920752372
1999-10-01 09:00:00,105445,344.7,920752372
1999-11-01 09:00:00,105446,62.0,920752372
1999-12-01 09:00:00,105447,185.1,920752372
2000-01-01 09:00:00,105448,24.6,920752372
2000-02-01 09:00:00,105449,46.3,920752372
2000-03-01 09:00:00,105450,36.3,920752372
2000-04-01 09:00:00,105451,456.6,920752372
2000-05-01 09:00:00,105452,103.9,920752372
2000-06-01 09:00:00,105453,6.5,920752372
2000-07-01 09:00:00,105454,41.9,920752372
2000-08-01 09:00:00,105455,12.3,920752372
2000-09-01 09:00:00,105456,41.7,920752372
2000-10-01 09:00:00,105457,82.8,920752372
2000-11-01 09:00:00,105458,360.6,920752372
2000-12-01 09:00:00,105459,823.6,920752372
2001-01-01 09:00:00,105460,685.0,920752372
2001-02-01 09:00:00,105461,250.6,920752372
2001-03-01 09:00:00,105462,773.2,920752372
2001-04-01 09:00:00,105463,62.4,920752372
2001-05-01 09:00:00,105464,154.9,920752372
2001-06-01 09:00:00,105465,2.1,920752372
2001-07-01 09:00:00,105466,42.3,920752372
2001-08-01 09:00:00,105467,48.2,920752372
2001-09-01 09:00:00,105468,50.4,920752372
