date,date,value
1931-09-01 09:00:00,1931-09-01 09:00:00,26.2
1931-10-01 09:00:00,1931-10-01 09:00:00,148.0
1931-11-01 09:00:00,1931-11-01 09:00:00,195.1
1931-12-01 09:00:00,1931-12-01 09:00:00,0.0
1932-01-01 09:00:00,1932-01-01 09:00:00,101.2
1932-02-01 09:00:00,1932-02-01 09:00:00,9.2
1932-03-01 09:00:00,1932-03-01 09:00:00,122.0
1932-04-01 09:00:00,1932-04-01 09:00:00,107.4
1932-05-01 09:00:00,1932-05-01 09:00:00,76.3
1932-06-01 09:00:00,1932-06-01 09:00:00,75.4
1932-07-01 09:00:00,1932-07-01 09:00:00,16.0
1932-08-01 09:00:00,1932-08-01 09:00:00,12.0
1932-09-01 09:00:00,1932-09-01 09:00:00,141.4
1932-10-01 09:00:00,1932-10-01 09:00:00,72.0
1932-11-01 09:00:00,1932-11-01 09:00:00,59.0
1932-12-01 09:00:00,1932-12-01 09:00:00,210.0
1933-01-01 09:00:00,1933-01-01 09:00:00,145.6
1933-02-01 09:00:00,1933-02-01 09:00:00,24.6
1933-03-01 09:00:00,1933-03-01 09:00:00,172.0
1933-04-01 09:00:00,1933-04-01 09:00:00,32.6
1933-05-01 09:00:00,1933-05-01 09:00:00,65.6
1933-06-01 09:00:00,1933-06-01 09:00:00,16.6
1933-07-01 09:00:00,1933-07-01 09:00:00,12.8
1933-08-01 09:00:00,1933-08-01 09:00:00,0.0
1933-09-01 09:00:00,1933-09-01 09:00:00,12.2
1933-10-01 09:00:00,1933-10-01 09:00:00,93.8
1933-11-01 09:00:00,1933-11-01 09:00:00,85.6
1933-12-01 09:00:00,1933-12-01 09:00:00,109.2
1934-01-01 09:00:00,1934-01-01 09:00:00,92.2
1934-02-01 09:00:00,1934-02-01 09:00:00,0.0
1934-03-01 09:00:00,1934-03-01 09:00:00,263.2
1934-04-01 09:00:00,1934-04-01 09:00:00,174.0
1934-05-01 09:00:00,1934-05-01 09:00:00,69.6
1934-06-01 09:00:00,1934-06-01 09:00:00,1.2
1934-07-01 09:00:00,1934-07-01 09:00:00,22.6
1934-08-01 09:00:00,1934-08-01 09:00:00,43.2
1934-09-01 09:00:00,1934-09-01 09:00:00,11.2
1934-10-01 09:00:00,1934-10-01 09:00:00,25.6
1934-11-01 09:00:00,1934-11-01 09:00:00,128.2
1934-12-01 09:00:00,1934-12-01 09:00:00,482.8
1935-01-01 09:00:00,1935-01-01 09:00:00,0.6
1935-02-01 09:00:00,1935-02-01 09:00:00,162.8
1935-03-01 09:00:00,1935-03-01 09:00:00,30.3
1935-04-01 09:00:00,1935-04-01 09:00:00,57.8
1935-05-01 09:00:00,1935-05-01 09:00:00,89.4
1935-06-01 09:00:00,1935-06-01 09:00:00,46.2
1935-07-01 09:00:00,1935-07-01 09:00:00,
1935-08-01 09:00:00,1935-08-01 09:00:00,
1935-09-01 09:00:00,1935-09-01 09:00:00,
1935-10-01 09:00:00,1935-10-01 09:00:00,
1935-11-01 09:00:00,1935-11-01 09:00:00,295.4
1935-12-01 09:00:00,1935-12-01 09:00:00,378.0
1936-01-01 09:00:00,1936-01-01 09:00:00,449.2
1936-02-01 09:00:00,1936-02-01 09:00:00,320.1
1936-03-01 09:00:00,1936-03-01 09:00:00,317.8
1936-04-01 09:00:00,1936-04-01 09:00:00,187.6
1936-05-01 09:00:00,1936-05-01 09:00:00,51.8
1936-06-01 09:00:00,1936-06-01 09:00:00,37.0
1936-07-01 09:00:00,1936-07-01 09:00:00,24.0
1936-08-01 09:00:00,1936-08-01 09:00:00,10.4
1936-09-01 09:00:00,1936-09-01 09:00:00,18.3
1936-10-01 09:00:00,1936-10-01 09:00:00,54.6
1936-11-01 09:00:00,1936-11-01 09:00:00,64.3
1936-12-01 09:00:00,1936-12-01 09:00:00,74.8
1937-01-01 09:00:00,1937-01-01 09:00:00,419.4
1937-02-01 09:00:00,1937-02-01 09:00:00,221.0
1937-03-01 09:00:00,1937-03-01 09:00:00,392.0
1937-04-01 09:00:00,1937-04-01 09:00:00,110.4
1937-05-01 09:00:00,1937-05-01 09:00:00,54.8
1937-06-01 09:00:00,1937-06-01 09:00:00,23.2
1937-07-01 09:00:00,1937-07-01 09:00:00,0.0
1937-08-01 09:00:00,1937-08-01 09:00:00,0.0
1937-09-01 09:00:00,1937-09-01 09:00:00,46.0
1937-10-01 09:00:00,1937-10-01 09:00:00,155.6
1937-11-01 09:00:00,1937-11-01 09:00:00,283.8
1937-12-01 09:00:00,1937-12-01 09:00:00,229.9
1938-01-01 09:00:00,1938-01-01 09:00:00,92.8
1938-02-01 09:00:00,1938-02-01 09:00:00,25.4
1938-03-01 09:00:00,1938-03-01 09:00:00,67.8
1938-04-01 09:00:00,1938-04-01 09:00:00,20.2
1938-05-01 09:00:00,1938-05-01 09:00:00,83.0
1938-06-01 09:00:00,1938-06-01 09:00:00,5.6
1938-07-01 09:00:00,1938-07-01 09:00:00,6.6
1938-08-01 09:00:00,1938-08-01 09:00:00,0.0
1938-09-01 09:00:00,1938-09-01 09:00:00,49.8
1938-10-01 09:00:00,1938-10-01 09:00:00,33.4
1938-11-01 09:00:00,1938-11-01 09:00:00,105.0
1938-12-01 09:00:00,1938-12-01 09:00:00,176.2
1939-01-01 09:00:00,1939-01-01 09:00:00,363.4
1939-02-01 09:00:00,1939-02-01 09:00:00,45.0
1939-03-01 09:00:00,1939-03-01 09:00:00,52.2
1939-04-01 09:00:00,1939-04-01 09:00:00,155.8
1939-05-01 09:00:00,1939-05-01 09:00:00,40.0
1939-06-01 09:00:00,1939-06-01 09:00:00,89.8
1939-07-01 09:00:00,1939-07-01 09:00:00,47.0
1939-08-01 09:00:00,1939-08-01 09:00:00,55.6
1939-09-01 09:00:00,1939-09-01 09:00:00,86.0
1939-10-01 09:00:00,1939-10-01 09:00:00,206.2
1939-11-01 09:00:00,1939-11-01 09:00:00,65.6
1939-12-01 09:00:00,1939-12-01 09:00:00,92.0
1940-01-01 09:00:00,1940-01-01 09:00:00,258.8
1940-02-01 09:00:00,1940-02-01 09:00:00,208.0
1940-03-01 09:00:00,1940-03-01 09:00:00,211.0
1940-04-01 09:00:00,1940-04-01 09:00:00,68.2
1940-05-01 09:00:00,1940-05-01 09:00:00,74.2
1940-06-01 09:00:00,1940-06-01 09:00:00,42.6
1940-07-01 09:00:00,1940-07-01 09:00:00,4.2
1940-08-01 09:00:00,1940-08-01 09:00:00,0.0
1940-09-01 09:00:00,1940-09-01 09:00:00,9.0
1940-10-01 09:00:00,1940-10-01 09:00:00,177.8
1940-11-01 09:00:00,1940-11-01 09:00:00,209.8
1940-12-01 09:00:00,1940-12-01 09:00:00,33.2
1941-01-01 09:00:00,1941-01-01 09:00:00,425.8
1941-02-01 09:00:00,1941-02-01 09:00:00,270.0
1941-03-01 09:00:00,1941-03-01 09:00:00,166.9
1941-04-01 09:00:00,1941-04-01 09:00:00,187.4
1941-05-01 09:00:00,1941-05-01 09:00:00,106.4
1941-06-01 09:00:00,1941-06-01 09:00:00,61.9
1941-07-01 09:00:00,1941-07-01 09:00:00,48.0
1941-08-01 09:00:00,1941-08-01 09:00:00,7.0
1941-09-01 09:00:00,1941-09-01 09:00:00,23.6
1941-10-01 09:00:00,1941-10-01 09:00:00,5.0
1941-11-01 09:00:00,1941-11-01 09:00:00,181.0
1941-12-01 09:00:00,1941-12-01 09:00:00,3.2
1942-01-01 09:00:00,1942-01-01 09:00:00,85.2
1942-02-01 09:00:00,1942-02-01 09:00:00,24.6
1942-03-01 09:00:00,1942-03-01 09:00:00,202.4
1942-04-01 09:00:00,1942-04-01 09:00:00,166.4
1942-05-01 09:00:00,1942-05-01 09:00:00,125.8
1942-06-01 09:00:00,1942-06-01 09:00:00,84.0
1942-07-01 09:00:00,1942-07-01 09:00:00,0.0
1942-08-01 09:00:00,1942-08-01 09:00:00,39.6
1942-09-01 09:00:00,1942-09-01 09:00:00,64.0
1942-10-01 09:00:00,1942-10-01 09:00:00,100.6
1942-11-01 09:00:00,1942-11-01 09:00:00,72.4
1942-12-01 09:00:00,1942-12-01 09:00:00,198.4
1943-01-01 09:00:00,1943-01-01 09:00:00,372.6
1943-02-01 09:00:00,1943-02-01 09:00:00,29.6
1943-03-01 09:00:00,1943-03-01 09:00:00,78.0
1943-04-01 09:00:00,1943-04-01 09:00:00,70.0
1943-05-01 09:00:00,1943-05-01 09:00:00,43.6
1943-06-01 09:00:00,1943-06-01 09:00:00,2.0
1943-07-01 09:00:00,1943-07-01 09:00:00,40.6
1943-08-01 09:00:00,1943-08-01 09:00:00,5.0
1943-09-01 09:00:00,1943-09-01 09:00:00,119.0
1943-10-01 09:00:00,1943-10-01 09:00:00,195.4
1943-11-01 09:00:00,1943-11-01 09:00:00,34.0
1943-12-01 09:00:00,1943-12-01 09:00:00,131.6
1944-01-01 09:00:00,1944-01-01 09:00:00,6.6
1944-02-01 09:00:00,1944-02-01 09:00:00,39.0
1944-03-01 09:00:00,1944-03-01 09:00:00,57.0
1944-04-01 09:00:00,1944-04-01 09:00:00,129.6
1944-05-01 09:00:00,1944-05-01 09:00:00,10.4
1944-06-01 09:00:00,1944-06-01 09:00:00,67.0
1944-07-01 09:00:00,1944-07-01 09:00:00,38.6
1944-08-01 09:00:00,1944-08-01 09:00:00,132.0
1944-09-01 09:00:00,1944-09-01 09:00:00,7.0
1944-10-01 09:00:00,1944-10-01 09:00:00,78.0
1944-11-01 09:00:00,1944-11-01 09:00:00,79.4
1944-12-01 09:00:00,1944-12-01 09:00:00,90.0
1945-01-01 09:00:00,1945-01-01 09:00:00,88.4
1945-02-01 09:00:00,1945-02-01 09:00:00,8.6
1945-03-01 09:00:00,1945-03-01 09:00:00,34.0
1945-04-01 09:00:00,1945-04-01 09:00:00,49.6
1945-05-01 09:00:00,1945-05-01 09:00:00,91.8
1945-06-01 09:00:00,1945-06-01 09:00:00,61.0
1945-07-01 09:00:00,1945-07-01 09:00:00,6.0
1945-08-01 09:00:00,1945-08-01 09:00:00,25.0
1945-09-01 09:00:00,1945-09-01 09:00:00,5.0
1945-10-01 09:00:00,1945-10-01 09:00:00,120.2
1945-11-01 09:00:00,1945-11-01 09:00:00,102.8
1945-12-01 09:00:00,1945-12-01 09:00:00,334.0
1946-01-01 09:00:00,1946-01-01 09:00:00,27.0
1946-02-01 09:00:00,1946-02-01 09:00:00,34.0
1946-03-01 09:00:00,1946-03-01 09:00:00,180.4
1946-04-01 09:00:00,1946-04-01 09:00:00,137.6
1946-05-01 09:00:00,1946-05-01 09:00:00,189.4
1946-06-01 09:00:00,1946-06-01 09:00:00,44.6
1946-07-01 09:00:00,1946-07-01 09:00:00,0.6
1946-08-01 09:00:00,1946-08-01 09:00:00,15.0
1946-09-01 09:00:00,1946-09-01 09:00:00,36.4
1946-10-01 09:00:00,1946-10-01 09:00:00,79.8
1946-11-01 09:00:00,1946-11-01 09:00:00,111.0
1946-12-01 09:00:00,1946-12-01 09:00:00,71.2
1947-01-01 09:00:00,1947-01-01 09:00:00,112.0
1947-02-01 09:00:00,1947-02-01 09:00:00,348.8
1947-03-01 09:00:00,1947-03-01 09:00:00,315.2
1947-04-01 09:00:00,1947-04-01 09:00:00,62.0
1947-05-01 09:00:00,1947-05-01 09:00:00,90.8
1947-06-01 09:00:00,1947-06-01 09:00:00,26.2
1947-07-01 09:00:00,1947-07-01 09:00:00,0.0
1947-08-01 09:00:00,1947-08-01 09:00:00,0.0
1947-09-01 09:00:00,1947-09-01 09:00:00,43.0
1947-10-01 09:00:00,1947-10-01 09:00:00,69.0
1947-11-01 09:00:00,1947-11-01 09:00:00,80.0
1947-12-01 09:00:00,1947-12-01 09:00:00,155.0
1948-01-01 09:00:00,1948-01-01 09:00:00,351.6
1948-02-01 09:00:00,1948-02-01 09:00:00,51.4
1948-03-01 09:00:00,1948-03-01 09:00:00,63.9
1948-04-01 09:00:00,1948-04-01 09:00:00,62.0
1948-05-01 09:00:00,1948-05-01 09:00:00,106.0
1948-06-01 09:00:00,1948-06-01 09:00:00,17.0
1948-07-01 09:00:00,1948-07-01 09:00:00,0.0
1948-08-01 09:00:00,1948-08-01 09:00:00,27.4
1948-09-01 09:00:00,1948-09-01 09:00:00,0.2
1948-10-01 09:00:00,1948-10-01 09:00:00,109.0
1948-11-01 09:00:00,1948-11-01 09:00:00,23.8
1948-12-01 09:00:00,1948-12-01 09:00:00,143.8
1949-01-01 09:00:00,1949-01-01 09:00:00,61.4
1949-02-01 09:00:00,1949-02-01 09:00:00,20.2
1949-03-01 09:00:00,1949-03-01 09:00:00,31.4
1949-04-01 09:00:00,1949-04-01 09:00:00,25.8
1949-05-01 09:00:00,1949-05-01 09:00:00,35.4
1949-06-01 09:00:00,1949-06-01 09:00:00,29.2
1949-07-01 09:00:00,1949-07-01 09:00:00,13.0
1949-08-01 09:00:00,1949-08-01 09:00:00,0.0
1949-09-01 09:00:00,1949-09-01 09:00:00,97.0
1949-10-01 09:00:00,1949-10-01 09:00:00,67.6
1949-11-01 09:00:00,1949-11-01 09:00:00,126.2
1949-12-01 09:00:00,1949-12-01 09:00:00,65.0
1950-01-01 09:00:00,1950-01-01 09:00:00,24.0
1950-02-01 09:00:00,1950-02-01 09:00:00,164.6
1950-03-01 09:00:00,1950-03-01 09:00:00,97.6
1950-04-01 09:00:00,1950-04-01 09:00:00,11.6
1950-05-01 09:00:00,1950-05-01 09:00:00,165.6
1950-06-01 09:00:00,1950-06-01 09:00:00,45.8
1950-07-01 09:00:00,1950-07-01 09:00:00,14.0
1950-08-01 09:00:00,1950-08-01 09:00:00,0.0
1950-09-01 09:00:00,1950-09-01 09:00:00,28.6
1950-10-01 09:00:00,1950-10-01 09:00:00,34.4
1950-11-01 09:00:00,1950-11-01 09:00:00,146.1
1950-12-01 09:00:00,1950-12-01 09:00:00,70.7
1951-01-01 09:00:00,1951-01-01 09:00:00,154.0
1951-02-01 09:00:00,1951-02-01 09:00:00,238.2
1951-03-01 09:00:00,1951-03-01 09:00:00,277.2
1951-04-01 09:00:00,1951-04-01 09:00:00,84.4
1951-05-01 09:00:00,1951-05-01 09:00:00,122.3
1951-06-01 09:00:00,1951-06-01 09:00:00,35.6
1951-07-01 09:00:00,1951-07-01 09:00:00,51.0
1951-08-01 09:00:00,1951-08-01 09:00:00,20.2
1951-09-01 09:00:00,1951-09-01 09:00:00,47.0
1951-10-01 09:00:00,1951-10-01 09:00:00,88.8
1951-11-01 09:00:00,1951-11-01 09:00:00,311.6
1951-12-01 09:00:00,1951-12-01 09:00:00,41.3
1952-01-01 09:00:00,1952-01-01 09:00:00,49.7
1952-02-01 09:00:00,1952-02-01 09:00:00,7.2
1952-03-01 09:00:00,1952-03-01 09:00:00,155.5
1952-04-01 09:00:00,1952-04-01 09:00:00,88.1
1952-05-01 09:00:00,1952-05-01 09:00:00,169.4
1952-06-01 09:00:00,1952-06-01 09:00:00,66.2
1952-07-01 09:00:00,1952-07-01 09:00:00,17.0
1952-08-01 09:00:00,1952-08-01 09:00:00,30.4
1952-09-01 09:00:00,1952-09-01 09:00:00,58.0
1952-10-01 09:00:00,1952-10-01 09:00:00,49.6
1952-11-01 09:00:00,1952-11-01 09:00:00,154.8
1952-12-01 09:00:00,1952-12-01 09:00:00,156.9
1953-01-01 09:00:00,1953-01-01 09:00:00,26.0
1953-02-01 09:00:00,1953-02-01 09:00:00,15.6
1953-03-01 09:00:00,1953-03-01 09:00:00,18.0
1953-04-01 09:00:00,1953-04-01 09:00:00,64.5
1953-05-01 09:00:00,1953-05-01 09:00:00,35.5
1953-06-01 09:00:00,1953-06-01 09:00:00,4.0
1953-07-01 09:00:00,1953-07-01 09:00:00,0.0
1953-08-01 09:00:00,1953-08-01 09:00:00,0.0
1953-09-01 09:00:00,1953-09-01 09:00:00,40.8
1953-10-01 09:00:00,1953-10-01 09:00:00,172.0
1953-11-01 09:00:00,1953-11-01 09:00:00,61.3
1953-12-01 09:00:00,1953-12-01 09:00:00,50.8
1954-01-01 09:00:00,1954-01-01 09:00:00,41.2
1954-02-01 09:00:00,1954-02-01 09:00:00,58.7
1954-03-01 09:00:00,1954-03-01 09:00:00,225.4
1954-04-01 09:00:00,1954-04-01 09:00:00,44.3
1954-05-01 09:00:00,1954-05-01 09:00:00,36.1
1954-06-01 09:00:00,1954-06-01 09:00:00,43.8
1954-07-01 09:00:00,1954-07-01 09:00:00,0.0
1954-08-01 09:00:00,1954-08-01 09:00:00,12.8
1954-09-01 09:00:00,1954-09-01 09:00:00,0.8
1954-10-01 09:00:00,1954-10-01 09:00:00,28.2
1954-11-01 09:00:00,1954-11-01 09:00:00,176.2
1954-12-01 09:00:00,1954-12-01 09:00:00,86.4
1955-01-01 09:00:00,1955-01-01 09:00:00,393.2
1955-02-01 09:00:00,1955-02-01 09:00:00,219.2
1955-03-01 09:00:00,1955-03-01 09:00:00,117.5
1955-04-01 09:00:00,1955-04-01 09:00:00,34.6
1955-05-01 09:00:00,1955-05-01 09:00:00,71.3
1955-06-01 09:00:00,1955-06-01 09:00:00,56.8
1955-07-01 09:00:00,1955-07-01 09:00:00,3.0
1955-08-01 09:00:00,1955-08-01 09:00:00,20.2
1955-09-01 09:00:00,1955-09-01 09:00:00,1.8
1955-10-01 09:00:00,1955-10-01 09:00:00,55.5
1955-11-01 09:00:00,1955-11-01 09:00:00,193.5
1955-12-01 09:00:00,1955-12-01 09:00:00,378.1
1956-01-01 09:00:00,1956-01-01 09:00:00,186.4
1956-02-01 09:00:00,1956-02-01 09:00:00,51.3
1956-03-01 09:00:00,1956-03-01 09:00:00,331.3
1956-04-01 09:00:00,1956-04-01 09:00:00,160.2
1956-05-01 09:00:00,1956-05-01 09:00:00,115.3
1956-06-01 09:00:00,1956-06-01 09:00:00,44.7
1956-07-01 09:00:00,1956-07-01 09:00:00,19.8
1956-08-01 09:00:00,1956-08-01 09:00:00,95.3
1956-09-01 09:00:00,1956-09-01 09:00:00,91.3
1956-10-01 09:00:00,1956-10-01 09:00:00,66.3
1956-11-01 09:00:00,1956-11-01 09:00:00,26.6
1956-12-01 09:00:00,1956-12-01 09:00:00,110.6
1957-01-01 09:00:00,1957-01-01 09:00:00,35.4
1957-02-01 09:00:00,1957-02-01 09:00:00,162.2
1957-03-01 09:00:00,1957-03-01 09:00:00,130.0
1957-04-01 09:00:00,1957-04-01 09:00:00,22.8
1957-05-01 09:00:00,1957-05-01 09:00:00,75.1
1957-06-01 09:00:00,1957-06-01 09:00:00,39.4
1957-07-01 09:00:00,1957-07-01 09:00:00,11.3
1957-08-01 09:00:00,1957-08-01 09:00:00,13.4
1957-09-01 09:00:00,1957-09-01 09:00:00,30.6
1957-10-01 09:00:00,1957-10-01 09:00:00,25.3
1957-11-01 09:00:00,1957-11-01 09:00:00,138.6
1957-12-01 09:00:00,1957-12-01 09:00:00,129.9
1958-01-01 09:00:00,1958-01-01 09:00:00,159.2
1958-02-01 09:00:00,1958-02-01 09:00:00,104.5
1958-03-01 09:00:00,1958-03-01 09:00:00,189.0
1958-04-01 09:00:00,1958-04-01 09:00:00,89.8
1958-05-01 09:00:00,1958-05-01 09:00:00,53.0
1958-06-01 09:00:00,1958-06-01 09:00:00,89.5
1958-07-01 09:00:00,1958-07-01 09:00:00,20.8
1958-08-01 09:00:00,1958-08-01 09:00:00,24.6
1958-09-01 09:00:00,1958-09-01 09:00:00,30.6
1958-10-01 09:00:00,1958-10-01 09:00:00,86.0
1958-11-01 09:00:00,1958-11-01 09:00:00,10.7
1958-12-01 09:00:00,1958-12-01 09:00:00,312.0
1959-01-01 09:00:00,1959-01-01 09:00:00,174.8
1959-02-01 09:00:00,1959-02-01 09:00:00,27.9
1959-03-01 09:00:00,1959-03-01 09:00:00,186.9
1959-04-01 09:00:00,1959-04-01 09:00:00,129.3
1959-05-01 09:00:00,1959-05-01 09:00:00,136.6
1959-06-01 09:00:00,1959-06-01 09:00:00,39.6
1959-07-01 09:00:00,1959-07-01 09:00:00,22.3
1959-08-01 09:00:00,1959-08-01 09:00:00,13.3
1959-09-01 09:00:00,1959-09-01 09:00:00,133.1
1959-10-01 09:00:00,1959-10-01 09:00:00,129.7
1959-11-01 09:00:00,1959-11-01 09:00:00,250.9
1959-12-01 09:00:00,1959-12-01 09:00:00,334.7
1960-01-01 09:00:00,1960-01-01 09:00:00,134.7
1960-02-01 09:00:00,1960-02-01 09:00:00,305.7
1960-03-01 09:00:00,1960-03-01 09:00:00,249.5
1960-04-01 09:00:00,1960-04-01 09:00:00,92.4
1960-05-01 09:00:00,1960-05-01 09:00:00,110.7
1960-06-01 09:00:00,1960-06-01 09:00:00,85.2
1960-07-01 09:00:00,1960-07-01 09:00:00,35.6
1960-08-01 09:00:00,1960-08-01 09:00:00,36.2
1960-09-01 09:00:00,1960-09-01 09:00:00,75.9
1960-10-01 09:00:00,1960-10-01 09:00:00,472.8
1960-11-01 09:00:00,1960-11-01 09:00:00,332.7
1960-12-01 09:00:00,1960-12-01 09:00:00,162.0
1961-01-01 09:00:00,1961-01-01 09:00:00,129.8
1961-02-01 09:00:00,1961-02-01 09:00:00,30.5
1961-03-01 09:00:00,1961-03-01 09:00:00,13.8
1961-04-01 09:00:00,1961-04-01 09:00:00,147.4
1961-05-01 09:00:00,1961-05-01 09:00:00,119.0
1961-06-01 09:00:00,1961-06-01 09:00:00,60.6
1961-07-01 09:00:00,1961-07-01 09:00:00,45.8
1961-08-01 09:00:00,1961-08-01 09:00:00,12.4
1961-09-01 09:00:00,1961-09-01 09:00:00,54.7
1961-10-01 09:00:00,1961-10-01 09:00:00,127.3
1961-11-01 09:00:00,1961-11-01 09:00:00,176.1
1961-12-01 09:00:00,1961-12-01 09:00:00,281.4
1962-01-01 09:00:00,1962-01-01 09:00:00,210.1
1962-02-01 09:00:00,1962-02-01 09:00:00,30.7
1962-03-01 09:00:00,1962-03-01 09:00:00,250.2
1962-04-01 09:00:00,1962-04-01 09:00:00,65.4
1962-05-01 09:00:00,1962-05-01 09:00:00,22.9
1962-06-01 09:00:00,1962-06-01 09:00:00,52.6
1962-07-01 09:00:00,1962-07-01 09:00:00,6.8
1962-08-01 09:00:00,1962-08-01 09:00:00,0.0
1962-09-01 09:00:00,1962-09-01 09:00:00,59.9
1962-10-01 09:00:00,1962-10-01 09:00:00,49.0
1962-11-01 09:00:00,1962-11-01 09:00:00,95.0
1962-12-01 09:00:00,1962-12-01 09:00:00,46.1
1963-01-01 09:00:00,1963-01-01 09:00:00,264.0
1963-02-01 09:00:00,1963-02-01 09:00:00,278.8
1963-03-01 09:00:00,1963-03-01 09:00:00,172.4
1963-04-01 09:00:00,1963-04-01 09:00:00,151.5
1963-05-01 09:00:00,1963-05-01 09:00:00,61.4
1963-06-01 09:00:00,1963-06-01 09:00:00,100.9
1963-07-01 09:00:00,1963-07-01 09:00:00,0.1
1963-08-01 09:00:00,1963-08-01 09:00:00,0.0
1963-09-01 09:00:00,1963-09-01 09:00:00,53.2
1963-10-01 09:00:00,1963-10-01 09:00:00,71.6
1963-11-01 09:00:00,1963-11-01 09:00:00,554.0
1963-12-01 09:00:00,1963-12-01 09:00:00,220.0
1964-01-01 09:00:00,1964-01-01 09:00:00,20.4
1964-02-01 09:00:00,1964-02-01 09:00:00,303.8
1964-03-01 09:00:00,1964-03-01 09:00:00,248.2
1964-04-01 09:00:00,1964-04-01 09:00:00,40.4
1964-05-01 09:00:00,1964-05-01 09:00:00,34.0
1964-06-01 09:00:00,1964-06-01 09:00:00,148.0
1964-07-01 09:00:00,1964-07-01 09:00:00,10.6
1964-08-01 09:00:00,1964-08-01 09:00:00,5.4
1964-09-01 09:00:00,1964-09-01 09:00:00,37.2
1964-10-01 09:00:00,1964-10-01 09:00:00,59.2
1964-11-01 09:00:00,1964-11-01 09:00:00,16.2
1964-12-01 09:00:00,1964-12-01 09:00:00,30.0
1965-01-01 09:00:00,1965-01-01 09:00:00,154.8
1965-02-01 09:00:00,1965-02-01 09:00:00,94.4
1965-03-01 09:00:00,1965-03-01 09:00:00,194.5
1965-04-01 09:00:00,1965-04-01 09:00:00,32.4
1965-05-01 09:00:00,1965-05-01 09:00:00,16.8
1965-06-01 09:00:00,1965-06-01 09:00:00,17.0
1965-07-01 09:00:00,1965-07-01 09:00:00,3.1
1965-08-01 09:00:00,1965-08-01 09:00:00,0.3
1965-09-01 09:00:00,1965-09-01 09:00:00,194.4
1965-10-01 09:00:00,1965-10-01 09:00:00,109.3
1965-11-01 09:00:00,1965-11-01 09:00:00,293.2
1965-12-01 09:00:00,1965-12-01 09:00:00,154.7
1966-01-01 09:00:00,1966-01-01 09:00:00,432.8
1966-02-01 09:00:00,1966-02-01 09:00:00,478.5
1966-03-01 09:00:00,1966-03-01 09:00:00,4.4
1966-04-01 09:00:00,1966-04-01 09:00:00,331.2
1966-05-01 09:00:00,1966-05-01 09:00:00,26.5
1966-06-01 09:00:00,1966-06-01 09:00:00,66.0
1966-07-01 09:00:00,1966-07-01 09:00:00,9.5
1966-08-01 09:00:00,1966-08-01 09:00:00,33.2
1966-09-01 09:00:00,1966-09-01 09:00:00,26.0
1966-10-01 09:00:00,1966-10-01 09:00:00,291.8
1966-11-01 09:00:00,1966-11-01 09:00:00,80.4
1966-12-01 09:00:00,1966-12-01 09:00:00,41.9
1967-01-01 09:00:00,1967-01-01 09:00:00,119.8
1967-02-01 09:00:00,1967-02-01 09:00:00,143.2
1967-03-01 09:00:00,1967-03-01 09:00:00,70.5
1967-04-01 09:00:00,1967-04-01 09:00:00,51.0
1967-05-01 09:00:00,1967-05-01 09:00:00,148.8
1967-06-01 09:00:00,1967-06-01 09:00:00,2.7
1967-07-01 09:00:00,1967-07-01 09:00:00,0.2
1967-08-01 09:00:00,1967-08-01 09:00:00,5.1
1967-09-01 09:00:00,1967-09-01 09:00:00,32.5
1967-10-01 09:00:00,1967-10-01 09:00:00,49.8
1967-11-01 09:00:00,1967-11-01 09:00:00,133.6
1967-12-01 09:00:00,1967-12-01 09:00:00,10.4
1968-01-01 09:00:00,1968-01-01 09:00:00,1.9
1968-02-01 09:00:00,1968-02-01 09:00:00,278.4
1968-03-01 09:00:00,1968-03-01 09:00:00,62.3
1968-04-01 09:00:00,1968-04-01 09:00:00,129.1
1968-05-01 09:00:00,1968-05-01 09:00:00,115.6
1968-06-01 09:00:00,1968-06-01 09:00:00,0.0
1968-07-01 09:00:00,1968-07-01 09:00:00,0.0
1968-08-01 09:00:00,1968-08-01 09:00:00,29.1
1968-09-01 09:00:00,1968-09-01 09:00:00,89.0
1968-10-01 09:00:00,1968-10-01 09:00:00,81.0
1968-11-01 09:00:00,1968-11-01 09:00:00,208.9
1968-12-01 09:00:00,1968-12-01 09:00:00,228.5
1969-01-01 09:00:00,1969-01-01 09:00:00,238.4
1969-02-01 09:00:00,1969-02-01 09:00:00,160.4
1969-03-01 09:00:00,1969-03-01 09:00:00,262.7
1969-04-01 09:00:00,1969-04-01 09:00:00,61.7
1969-05-01 09:00:00,1969-05-01 09:00:00,144.7
1969-06-01 09:00:00,1969-06-01 09:00:00,39.1
1969-07-01 09:00:00,1969-07-01 09:00:00,39.1
1969-08-01 09:00:00,1969-08-01 09:00:00,0.0
1969-09-01 09:00:00,1969-09-01 09:00:00,99.5
1969-10-01 09:00:00,1969-10-01 09:00:00,51.0
1969-11-01 09:00:00,1969-11-01 09:00:00,142.3
1969-12-01 09:00:00,1969-12-01 09:00:00,85.7
1970-01-01 09:00:00,1970-01-01 09:00:00,443.7
1970-02-01 09:00:00,1970-02-01 09:00:00,41.5
1970-03-01 09:00:00,1970-03-01 09:00:00,34.6
1970-04-01 09:00:00,1970-04-01 09:00:00,9.3
1970-05-01 09:00:00,1970-05-01 09:00:00,116.9
1970-06-01 09:00:00,1970-06-01 09:00:00,53.9
1970-07-01 09:00:00,1970-07-01 09:00:00,4.3
1970-08-01 09:00:00,1970-08-01 09:00:00,31.8
1970-09-01 09:00:00,1970-09-01 09:00:00,7.1
1970-10-01 09:00:00,1970-10-01 09:00:00,8.4
1970-11-01 09:00:00,1970-11-01 09:00:00,155.4
1970-12-01 09:00:00,1970-12-01 09:00:00,29.6
1971-01-01 09:00:00,1971-01-01 09:00:00,244.9
1971-02-01 09:00:00,1971-02-01 09:00:00,24.0
1971-03-01 09:00:00,1971-03-01 09:00:00,89.8
1971-04-01 09:00:00,1971-04-01 09:00:00,128.6
1971-05-01 09:00:00,1971-05-01 09:00:00,92.7
1971-06-01 09:00:00,1971-06-01 09:00:00,122.1
1971-07-01 09:00:00,1971-07-01 09:00:00,55.6
1971-08-01 09:00:00,1971-08-01 09:00:00,34.6
1971-09-01 09:00:00,1971-09-01 09:00:00,0.0
1971-10-01 09:00:00,1971-10-01 09:00:00,30.6
1971-11-01 09:00:00,1971-11-01 09:00:00,22.6
1971-12-01 09:00:00,1971-12-01 09:00:00,52.4
1972-01-01 09:00:00,1972-01-01 09:00:00,136.6
1972-02-01 09:00:00,1972-02-01 09:00:00,215.2
1972-03-01 09:00:00,1972-03-01 09:00:00,83.2
1972-04-01 09:00:00,1972-04-01 09:00:00,22.0
1972-05-01 09:00:00,1972-05-01 09:00:00,67.4
1972-06-01 09:00:00,1972-06-01 09:00:00,27.1
1972-07-01 09:00:00,1972-07-01 09:00:00,64.3
1972-08-01 09:00:00,1972-08-01 09:00:00,0.0
1972-09-01 09:00:00,1972-09-01 09:00:00,101.9
1972-10-01 09:00:00,1972-10-01 09:00:00,141.0
1972-11-01 09:00:00,1972-11-01 09:00:00,107.9
1972-12-01 09:00:00,1972-12-01 09:00:00,180.0
1973-01-01 09:00:00,1973-01-01 09:00:00,96.6
1973-02-01 09:00:00,1973-02-01 09:00:00,16.1
1973-03-01 09:00:00,1973-03-01 09:00:00,23.4
1973-04-01 09:00:00,1973-04-01 09:00:00,39.0
1973-05-01 09:00:00,1973-05-01 09:00:00,165.4
1973-06-01 09:00:00,1973-06-01 09:00:00,16.8
1973-07-01 09:00:00,1973-07-01 09:00:00,39.5
1973-08-01 09:00:00,1973-08-01 09:00:00,0.3
1973-09-01 09:00:00,1973-09-01 09:00:00,34.3
1973-10-01 09:00:00,1973-10-01 09:00:00,69.8
1973-11-01 09:00:00,1973-11-01 09:00:00,55.0
1973-12-01 09:00:00,1973-12-01 09:00:00,77.5
1974-01-01 09:00:00,1974-01-01 09:00:00,277.2
1974-02-01 09:00:00,1974-02-01 09:00:00,153.1
1974-03-01 09:00:00,1974-03-01 09:00:00,36.0
1974-04-01 09:00:00,1974-04-01 09:00:00,68.5
1974-05-01 09:00:00,1974-05-01 09:00:00,65.0
1974-06-01 09:00:00,1974-06-01 09:00:00,147.2
1974-07-01 09:00:00,1974-07-01 09:00:00,0.0
1974-08-01 09:00:00,1974-08-01 09:00:00,0.0
1974-09-01 09:00:00,1974-09-01 09:00:00,14.5
1974-10-01 09:00:00,1974-10-01 09:00:00,4.2
1974-11-01 09:00:00,1974-11-01 09:00:00,159.9
1974-12-01 09:00:00,1974-12-01 09:00:00,24.4
1975-01-01 09:00:00,1975-01-01 09:00:00,104.5
1975-02-01 09:00:00,1975-02-01 09:00:00,120.3
1975-03-01 09:00:00,1975-03-01 09:00:00,177.1
1975-04-01 09:00:00,1975-04-01 09:00:00,5.5
1975-05-01 09:00:00,1975-05-01 09:00:00,47.0
1975-06-01 09:00:00,1975-06-01 09:00:00,0.0
1975-07-01 09:00:00,1975-07-01 09:00:00,0.0
1975-08-01 09:00:00,1975-08-01 09:00:00,0.3
1975-09-01 09:00:00,1975-09-01 09:00:00,83.2
1975-10-01 09:00:00,1975-10-01 09:00:00,42.5
1975-11-01 09:00:00,1975-11-01 09:00:00,73.0
1975-12-01 09:00:00,1975-12-01 09:00:00,45.0
1976-01-01 09:00:00,1976-01-01 09:00:00,56.1
1976-02-01 09:00:00,1976-02-01 09:00:00,67.8
1976-03-01 09:00:00,1976-03-01 09:00:00,55.7
1976-04-01 09:00:00,1976-04-01 09:00:00,43.0
1976-05-01 09:00:00,1976-05-01 09:00:00,15.5
1976-06-01 09:00:00,1976-06-01 09:00:00,0.0
1976-07-01 09:00:00,1976-07-01 09:00:00,7.8
1976-08-01 09:00:00,1976-08-01 09:00:00,64.2
1976-09-01 09:00:00,1976-09-01 09:00:00,101.6
1976-10-01 09:00:00,1976-10-01 09:00:00,217.9
1976-11-01 09:00:00,1976-11-01 09:00:00,133.0
1976-12-01 09:00:00,1976-12-01 09:00:00,150.6
1977-01-01 09:00:00,1977-01-01 09:00:00,266.8
1977-02-01 09:00:00,1977-02-01 09:00:00,191.2
1977-03-01 09:00:00,1977-03-01 09:00:00,68.4
1977-04-01 09:00:00,1977-04-01 09:00:00,64.9
1977-05-01 09:00:00,1977-05-01 09:00:00,40.8
1977-06-01 09:00:00,1977-06-01 09:00:00,53.7
1977-07-01 09:00:00,1977-07-01 09:00:00,5.1
1977-08-01 09:00:00,1977-08-01 09:00:00,19.0
1977-09-01 09:00:00,1977-09-01 09:00:00,16.8
1977-10-01 09:00:00,1977-10-01 09:00:00,152.3
1977-11-01 09:00:00,1977-11-01 09:00:00,72.2
1977-12-01 09:00:00,1977-12-01 09:00:00,233.6
1978-01-01 09:00:00,1978-01-01 09:00:00,100.5
1978-02-01 09:00:00,1978-02-01 09:00:00,349.0
1978-03-01 09:00:00,1978-03-01 09:00:00,112.9
1978-04-01 09:00:00,1978-04-01 09:00:00,112.0
1978-05-01 09:00:00,1978-05-01 09:00:00,121.2
1978-06-01 09:00:00,1978-06-01 09:00:00,29.2
1978-07-01 09:00:00,1978-07-01 09:00:00,0.0
1978-08-01 09:00:00,1978-08-01 09:00:00,0.0
1978-09-01 09:00:00,1978-09-01 09:00:00,39.2
1978-10-01 09:00:00,1978-10-01 09:00:00,30.5
1978-11-01 09:00:00,1978-11-01 09:00:00,31.0
1978-12-01 09:00:00,1978-12-01 09:00:00,459.0
1979-01-01 09:00:00,1979-01-01 09:00:00,126.1
1979-02-01 09:00:00,1979-02-01 09:00:00,335.8
1979-03-01 09:00:00,1979-03-01 09:00:00,216.5
1979-04-01 09:00:00,1979-04-01 09:00:00,142.9
1979-05-01 09:00:00,1979-05-01 09:00:00,78.0
1979-06-01 09:00:00,1979-06-01 09:00:00,3.5
1979-07-01 09:00:00,1979-07-01 09:00:00,0.0
1979-08-01 09:00:00,1979-08-01 09:00:00,0.0
1979-09-01 09:00:00,1979-09-01 09:00:00,0.6
1979-10-01 09:00:00,1979-10-01 09:00:00,249.9
1979-11-01 09:00:00,1979-11-01 09:00:00,52.0
1979-12-01 09:00:00,1979-12-01 09:00:00,57.9
1980-01-01 09:00:00,1980-01-01 09:00:00,79.3
1980-02-01 09:00:00,1980-02-01 09:00:00,70.1
1980-03-01 09:00:00,1980-03-01 09:00:00,115.4
1980-04-01 09:00:00,1980-04-01 09:00:00,57.8
1980-05-01 09:00:00,1980-05-01 09:00:00,81.7
1980-06-01 09:00:00,1980-06-01 09:00:00,32.4
1980-07-01 09:00:00,1980-07-01 09:00:00,4.0
1980-08-01 09:00:00,1980-08-01 09:00:00,5.2
1980-09-01 09:00:00,1980-09-01 09:00:00,28.3
1980-10-01 09:00:00,1980-10-01 09:00:00,54.1
1980-11-01 09:00:00,1980-11-01 09:00:00,124.2
1980-12-01 09:00:00,1980-12-01 09:00:00,12.2
1981-01-01 09:00:00,1981-01-01 09:00:00,0.0
1981-02-01 09:00:00,1981-02-01 09:00:00,46.6
1981-03-01 09:00:00,1981-03-01 09:00:00,73.0
1981-04-01 09:00:00,1981-04-01 09:00:00,68.1
1981-05-01 09:00:00,1981-05-01 09:00:00,106.0
1981-06-01 09:00:00,1981-06-01 09:00:00,26.7
1981-07-01 09:00:00,1981-07-01 09:00:00,7.0
1981-08-01 09:00:00,1981-08-01 09:00:00,8.4
1981-09-01 09:00:00,1981-09-01 09:00:00,63.1
1981-10-01 09:00:00,1981-10-01 09:00:00,91.1
1981-11-01 09:00:00,1981-11-01 09:00:00,0.0
1981-12-01 09:00:00,1981-12-01 09:00:00,347.7
1982-01-01 09:00:00,1982-01-01 09:00:00,23.0
1982-02-01 09:00:00,1982-02-01 09:00:00,57.0
1982-03-01 09:00:00,1982-03-01 09:00:00,2.3
1982-04-01 09:00:00,1982-04-01 09:00:00,6.4
1982-05-01 09:00:00,1982-05-01 09:00:00,73.9
1982-06-01 09:00:00,1982-06-01 09:00:00,8.2
1982-07-01 09:00:00,1982-07-01 09:00:00,15.8
1982-08-01 09:00:00,1982-08-01 09:00:00,10.2
1982-09-01 09:00:00,1982-09-01 09:00:00,110.2
1982-10-01 09:00:00,1982-10-01 09:00:00,51.8
1982-11-01 09:00:00,1982-11-01 09:00:00,142.4
1982-12-01 09:00:00,1982-12-01 09:00:00,159.7
1983-01-01 09:00:00,1983-01-01 09:00:00,0.0
1983-02-01 09:00:00,1983-02-01 09:00:00,111.9
1983-03-01 09:00:00,1983-03-01 09:00:00,9.6
1983-04-01 09:00:00,1983-04-01 09:00:00,0.0
1983-05-01 09:00:00,1983-05-01 09:00:00,0.0
1983-06-01 09:00:00,1983-06-01 09:00:00,0.0
1983-07-01 09:00:00,1983-07-01 09:00:00,0.0
1983-08-01 09:00:00,1983-08-01 09:00:00,0.0
1983-09-01 09:00:00,1983-09-01 09:00:00,0.0
1983-10-01 09:00:00,1983-10-01 09:00:00,
1983-11-01 09:00:00,1983-11-01 09:00:00,
1983-12-01 09:00:00,1983-12-01 09:00:00,
1984-01-01 09:00:00,1984-01-01 09:00:00,
1984-02-01 09:00:00,1984-02-01 09:00:00,
1984-03-01 09:00:00,1984-03-01 09:00:00,
1984-04-01 09:00:00,1984-04-01 09:00:00,
1984-05-01 09:00:00,1984-05-01 09:00:00,
1984-06-01 09:00:00,1984-06-01 09:00:00,
1984-07-01 09:00:00,1984-07-01 09:00:00,
1984-08-01 09:00:00,1984-08-01 09:00:00,
1984-09-01 09:00:00,1984-09-01 09:00:00,
1984-10-01 09:00:00,1984-10-01 09:00:00,
1984-11-01 09:00:00,1984-11-01 09:00:00,
1984-12-01 09:00:00,1984-12-01 09:00:00,
1985-01-01 09:00:00,1985-01-01 09:00:00,
1985-02-01 09:00:00,1985-02-01 09:00:00,
1985-03-01 09:00:00,1985-03-01 09:00:00,
1985-04-01 09:00:00,1985-04-01 09:00:00,131.2
1985-05-01 09:00:00,1985-05-01 09:00:00,86.7
1985-06-01 09:00:00,1985-06-01 09:00:00,25.4
1985-07-01 09:00:00,1985-07-01 09:00:00,0.3
1985-08-01 09:00:00,1985-08-01 09:00:00,0.0
1985-09-01 09:00:00,1985-09-01 09:00:00,0.5
1985-10-01 09:00:00,1985-10-01 09:00:00,10.8
1985-11-01 09:00:00,1985-11-01 09:00:00,166.9
1985-12-01 09:00:00,1985-12-01 09:00:00,194.3
1986-01-01 09:00:00,1986-01-01 09:00:00,147.3
1986-02-01 09:00:00,1986-02-01 09:00:00,253.2
1986-03-01 09:00:00,1986-03-01 09:00:00,35.8
1986-04-01 09:00:00,1986-04-01 09:00:00,68.0
1986-05-01 09:00:00,1986-05-01 09:00:00,11.7
1986-06-01 09:00:00,1986-06-01 09:00:00,11.0
1986-07-01 09:00:00,1986-07-01 09:00:00,4.3
1986-08-01 09:00:00,1986-08-01 09:00:00,1.1
1986-09-01 09:00:00,1986-09-01 09:00:00,77.0
1986-10-01 09:00:00,1986-10-01 09:00:00,56.0
1986-11-01 09:00:00,1986-11-01 09:00:00,69.8
1986-12-01 09:00:00,1986-12-01 09:00:00,92.4
1987-01-01 09:00:00,1987-01-01 09:00:00,128.1
1987-02-01 09:00:00,1987-02-01 09:00:00,134.7
1987-03-01 09:00:00,1987-03-01 09:00:00,31.3
1987-04-01 09:00:00,1987-04-01 09:00:00,128.7
1987-05-01 09:00:00,1987-05-01 09:00:00,12.1
1987-06-01 09:00:00,1987-06-01 09:00:00,22.0
1987-07-01 09:00:00,1987-07-01 09:00:00,28.6
1987-08-01 09:00:00,1987-08-01 09:00:00,14.9
1987-09-01 09:00:00,1987-09-01 09:00:00,114.2
1987-10-01 09:00:00,1987-10-01 09:00:00,204.3
1987-11-01 09:00:00,1987-11-01 09:00:00,22.3
1987-12-01 09:00:00,1987-12-01 09:00:00,180.9
1988-01-01 09:00:00,1988-01-01 09:00:00,203.5
1988-02-01 09:00:00,1988-02-01 09:00:00,89.2
1988-03-01 09:00:00,1988-03-01 09:00:00,10.6
1988-04-01 09:00:00,1988-04-01 09:00:00,125.6
1988-05-01 09:00:00,1988-05-01 09:00:00,136.8
1988-06-01 09:00:00,1988-06-01 09:00:00,197.0
1988-07-01 09:00:00,1988-07-01 09:00:00,81.4
1988-08-01 09:00:00,1988-08-01 09:00:00,0.0
1988-09-01 09:00:00,1988-09-01 09:00:00,12.0
1988-10-01 09:00:00,1988-10-01 09:00:00,112.9
1988-11-01 09:00:00,1988-11-01 09:00:00,54.4
1988-12-01 09:00:00,1988-12-01 09:00:00,19.2
1989-01-01 09:00:00,1989-01-01 09:00:00,17.5
1989-02-01 09:00:00,1989-02-01 09:00:00,93.3
1989-03-01 09:00:00,1989-03-01 09:00:00,65.0
1989-04-01 09:00:00,1989-04-01 09:00:00,101.0
1989-05-01 09:00:00,1989-05-01 09:00:00,55.1
1989-06-01 09:00:00,1989-06-01 09:00:00,26.2
1989-07-01 09:00:00,1989-07-01 09:00:00,2.5
1989-08-01 09:00:00,1989-08-01 09:00:00,30.8
1989-09-01 09:00:00,1989-09-01 09:00:00,12.1
1989-10-01 09:00:00,1989-10-01 09:00:00,111.8
1989-11-01 09:00:00,1989-11-01 09:00:00,219.5
1989-12-01 09:00:00,1989-12-01 09:00:00,328.3
1990-01-01 09:00:00,1990-01-01 09:00:00,132.0
1990-02-01 09:00:00,1990-02-01 09:00:00,57.6
1990-03-01 09:00:00,1990-03-01 09:00:00,14.5
1990-04-01 09:00:00,1990-04-01 09:00:00,67.1
1990-05-01 09:00:00,1990-05-01 09:00:00,25.1
1990-06-01 09:00:00,1990-06-01 09:00:00,2.9
1990-07-01 09:00:00,1990-07-01 09:00:00,9.7
1990-08-01 09:00:00,1990-08-01 09:00:00,9.4
1990-09-01 09:00:00,1990-09-01 09:00:00,58.8
1990-10-01 09:00:00,1990-10-01 09:00:00,219.2
1990-11-01 09:00:00,1990-11-01 09:00:00,105.7
1990-12-01 09:00:00,1990-12-01 09:00:00,38.7
1991-01-01 09:00:00,1991-01-01 09:00:00,133.6
1991-02-01 09:00:00,1991-02-01 09:00:00,132.8
1991-03-01 09:00:00,1991-03-01 09:00:00,192.8
1991-04-01 09:00:00,1991-04-01 09:00:00,29.0
1991-05-01 09:00:00,1991-05-01 09:00:00,1.1
1991-06-01 09:00:00,1991-06-01 09:00:00,24.8
1991-07-01 09:00:00,1991-07-01 09:00:00,39.3
1991-08-01 09:00:00,1991-08-01 09:00:00,16.0
1991-09-01 09:00:00,1991-09-01 09:00:00,59.0
1991-10-01 09:00:00,1991-10-01 09:00:00,72.5
1991-11-01 09:00:00,1991-11-01 09:00:00,86.1
1991-12-01 09:00:00,1991-12-01 09:00:00,56.8
1992-01-01 09:00:00,1992-01-01 09:00:00,56.3
1992-02-01 09:00:00,1992-02-01 09:00:00,37.2
1992-03-01 09:00:00,1992-03-01 09:00:00,54.0
1992-04-01 09:00:00,1992-04-01 09:00:00,85.5
1992-05-01 09:00:00,1992-05-01 09:00:00,74.0
1992-06-01 09:00:00,1992-06-01 09:00:00,28.6
1992-07-01 09:00:00,1992-07-01 09:00:00,0.8
1992-08-01 09:00:00,1992-08-01 09:00:00,51.2
1992-09-01 09:00:00,1992-09-01 09:00:00,28.3
1992-10-01 09:00:00,1992-10-01 09:00:00,106.4
1992-11-01 09:00:00,1992-11-01 09:00:00,46.1
1992-12-01 09:00:00,1992-12-01 09:00:00,134.8
1993-01-01 09:00:00,1993-01-01 09:00:00,40.1
1993-02-01 09:00:00,1993-02-01 09:00:00,16.6
1993-03-01 09:00:00,1993-03-01 09:00:00,15.5
1993-04-01 09:00:00,1993-04-01 09:00:00,115.2
1993-05-01 09:00:00,1993-05-01 09:00:00,143.5
1993-06-01 09:00:00,1993-06-01 09:00:00,52.1
1993-07-01 09:00:00,1993-07-01 09:00:00,6.5
1993-08-01 09:00:00,1993-08-01 09:00:00,0.0
1993-09-01 09:00:00,1993-09-01 09:00:00,160.6
1993-10-01 09:00:00,1993-10-01 09:00:00,238.1
1993-11-01 09:00:00,1993-11-01 09:00:00,139.8
1993-12-01 09:00:00,1993-12-01 09:00:00,34.4
1994-01-01 09:00:00,1994-01-01 09:00:00,166.9
1994-02-01 09:00:00,1994-02-01 09:00:00,151.6
1994-03-01 09:00:00,1994-03-01 09:00:00,4.1
1994-04-01 09:00:00,1994-04-01 09:00:00,48.6
1994-05-01 09:00:00,1994-05-01 09:00:00,239.6
1994-06-01 09:00:00,1994-06-01 09:00:00,2.7
1994-07-01 09:00:00,1994-07-01 09:00:00,6.0
1994-08-01 09:00:00,1994-08-01 09:00:00,17.8
1994-09-01 09:00:00,1994-09-01 09:00:00,13.3
1994-10-01 09:00:00,1994-10-01 09:00:00,128.5
1994-11-01 09:00:00,1994-11-01 09:00:00,93.4
1994-12-01 09:00:00,1994-12-01 09:00:00,66.3
1995-01-01 09:00:00,1995-01-01 09:00:00,170.8
1995-02-01 09:00:00,1995-02-01 09:00:00,158.8
1995-03-01 09:00:00,1995-03-01 09:00:00,22.5
1995-04-01 09:00:00,1995-04-01 09:00:00,28.5
1995-05-01 09:00:00,1995-05-01 09:00:00,54.8
1995-06-01 09:00:00,1995-06-01 09:00:00,60.6
1995-07-01 09:00:00,1995-07-01 09:00:00,31.3
1995-08-01 09:00:00,1995-08-01 09:00:00,0.1
1995-09-01 09:00:00,1995-09-01 09:00:00,72.3
1995-10-01 09:00:00,1995-10-01 09:00:00,77.8
1995-11-01 09:00:00,1995-11-01 09:00:00,182.3
1995-12-01 09:00:00,1995-12-01 09:00:00,360.2
1996-01-01 09:00:00,1996-01-01 09:00:00,420.9
1996-02-01 09:00:00,1996-02-01 09:00:00,118.8
1996-03-01 09:00:00,1996-03-01 09:00:00,75.8
1996-04-01 09:00:00,1996-04-01 09:00:00,70.7
1996-05-01 09:00:00,1996-05-01 09:00:00,161.3
1996-06-01 09:00:00,1996-06-01 09:00:00,13.5
1996-07-01 09:00:00,1996-07-01 09:00:00,3.8
1996-08-01 09:00:00,1996-08-01 09:00:00,11.7
1996-09-01 09:00:00,1996-09-01 09:00:00,64.9
1996-10-01 09:00:00,1996-10-01 09:00:00,42.6
1996-11-01 09:00:00,1996-11-01 09:00:00,122.4
1996-12-01 09:00:00,1996-12-01 09:00:00,283.1
1997-01-01 09:00:00,1997-01-01 09:00:00,177.3
1997-02-01 09:00:00,1997-02-01 09:00:00,11.6
1997-03-01 09:00:00,1997-03-01 09:00:00,0.0
1997-04-01 09:00:00,1997-04-01 09:00:00,39.4
1997-05-01 09:00:00,1997-05-01 09:00:00,129.2
1997-06-01 09:00:00,1997-06-01 09:00:00,49.0
1997-07-01 09:00:00,1997-07-01 09:00:00,37.5
1997-08-01 09:00:00,1997-08-01 09:00:00,60.7
1997-09-01 09:00:00,1997-09-01 09:00:00,27.4
1997-10-01 09:00:00,1997-10-01 09:00:00,
1997-11-01 09:00:00,1997-11-01 09:00:00,
1997-12-01 09:00:00,1997-12-01 09:00:00,
1998-01-01 09:00:00,1998-01-01 09:00:00,
1998-02-01 09:00:00,1998-02-01 09:00:00,
1998-03-01 09:00:00,1998-03-01 09:00:00,
1998-04-01 09:00:00,1998-04-01 09:00:00,
1998-05-01 09:00:00,1998-05-01 09:00:00,
1998-06-01 09:00:00,1998-06-01 09:00:00,
1998-07-01 09:00:00,1998-07-01 09:00:00,
1998-08-01 09:00:00,1998-08-01 09:00:00,
1998-09-01 09:00:00,1998-09-01 09:00:00,
1998-10-01 09:00:00,1998-10-01 09:00:00,
1998-11-01 09:00:00,1998-11-01 09:00:00,
1998-12-01 09:00:00,1998-12-01 09:00:00,
1999-01-01 09:00:00,1999-01-01 09:00:00,
1999-02-01 09:00:00,1999-02-01 09:00:00,
1999-03-01 09:00:00,1999-03-01 09:00:00,
1999-04-01 09:00:00,1999-04-01 09:00:00,
1999-05-01 09:00:00,1999-05-01 09:00:00,
1999-06-01 09:00:00,1999-06-01 09:00:00,
1999-07-01 09:00:00,1999-07-01 09:00:00,
1999-08-01 09:00:00,1999-08-01 09:00:00,
1999-09-01 09:00:00,1999-09-01 09:00:00,
1999-10-01 09:00:00,1999-10-01 09:00:00,
1999-11-01 09:00:00,1999-11-01 09:00:00,
1999-12-01 09:00:00,1999-12-01 09:00:00,
2000-01-01 09:00:00,2000-01-01 09:00:00,
2000-02-01 09:00:00,2000-02-01 09:00:00,
2000-03-01 09:00:00,2000-03-01 09:00:00,
2000-04-01 09:00:00,2000-04-01 09:00:00,
2000-05-01 09:00:00,2000-05-01 09:00:00,
2000-06-01 09:00:00,2000-06-01 09:00:00,
2000-07-01 09:00:00,2000-07-01 09:00:00,
2000-08-01 09:00:00,2000-08-01 09:00:00,
2000-09-01 09:00:00,2000-09-01 09:00:00,
2000-10-01 09:00:00,2000-10-01 09:00:00,
2000-11-01 09:00:00,2000-11-01 09:00:00,
2000-12-01 09:00:00,2000-12-01 09:00:00,
2001-01-01 09:00:00,2001-01-01 09:00:00,
2001-02-01 09:00:00,2001-02-01 09:00:00,
2001-03-01 09:00:00,2001-03-01 09:00:00,
2001-04-01 09:00:00,2001-04-01 09:00:00,
2001-05-01 09:00:00,2001-05-01 09:00:00,
2001-06-01 09:00:00,2001-06-01 09:00:00,
2001-07-01 09:00:00,2001-07-01 09:00:00,
2001-08-01 09:00:00,2001-08-01 09:00:00,
2001-09-01 09:00:00,2001-09-01 09:00:00,
2001-10-01 09:00:00,2001-10-01 09:00:00,
2001-11-01 09:00:00,2001-11-01 09:00:00,9.1
2001-12-01 09:00:00,2001-12-01 09:00:00,6.5
2002-01-01 09:00:00,2002-01-01 09:00:00,103.0
2002-02-01 09:00:00,2002-02-01 09:00:00,43.3
2002-03-01 09:00:00,2002-03-01 09:00:00,125.4
2002-04-01 09:00:00,2002-04-01 09:00:00,39.7
2002-05-01 09:00:00,2002-05-01 09:00:00,39.4
2002-06-01 09:00:00,2002-06-01 09:00:00,28.3
2002-07-01 09:00:00,2002-07-01 09:00:00,5.0
2002-08-01 09:00:00,2002-08-01 09:00:00,23.6
2002-09-01 09:00:00,2002-09-01 09:00:00,107.6
2002-10-01 09:00:00,2002-10-01 09:00:00,177.3
2002-11-01 09:00:00,2002-11-01 09:00:00,173.6
2002-12-01 09:00:00,2002-12-01 09:00:00,158.3
2003-01-01 09:00:00,2003-01-01 09:00:00,252.6
2003-02-01 09:00:00,2003-02-01 09:00:00,76.8
2003-03-01 09:00:00,2003-03-01 09:00:00,64.2
2003-04-01 09:00:00,2003-04-01 09:00:00,84.2
2003-05-01 09:00:00,2003-05-01 09:00:00,3.2
2003-06-01 09:00:00,2003-06-01 09:00:00,26.6
2003-07-01 09:00:00,2003-07-01 09:00:00,11.9
2003-08-01 09:00:00,2003-08-01 09:00:00,20.8
2003-09-01 09:00:00,2003-09-01 09:00:00,13.9
2003-10-01 09:00:00,2003-10-01 09:00:00,180.3
2003-11-01 09:00:00,2003-11-01 09:00:00,115.9
2003-12-01 09:00:00,2003-12-01 09:00:00,70.6
2004-01-01 09:00:00,2004-01-01 09:00:00,46.3
2004-02-01 09:00:00,2004-02-01 09:00:00,25.4
2004-03-01 09:00:00,2004-03-01 09:00:00,38.8
2004-04-01 09:00:00,2004-04-01 09:00:00,46.6
2004-05-01 09:00:00,2004-05-01 09:00:00,31.8
2004-06-01 09:00:00,2004-06-01 09:00:00,2.9
2004-07-01 09:00:00,2004-07-01 09:00:00,25.5
2004-08-01 09:00:00,2004-08-01 09:00:00,73.1
2004-09-01 09:00:00,2004-09-01 09:00:00,27.9
2004-10-01 09:00:00,2004-10-01 09:00:00,215.0
2004-11-01 09:00:00,2004-11-01 09:00:00,17.1
2004-12-01 09:00:00,2004-12-01 09:00:00,45.9
2005-01-01 09:00:00,2005-01-01 09:00:00,6.8
2005-02-01 09:00:00,2005-02-01 09:00:00,28.1
2005-03-01 09:00:00,2005-03-01 09:00:00,69.3
2005-04-01 09:00:00,2005-04-01 09:00:00,43.8
2005-05-01 09:00:00,2005-05-01 09:00:00,24.7
2005-06-01 09:00:00,2005-06-01 09:00:00,1.9
2005-07-01 09:00:00,2005-07-01 09:00:00,16.2
2005-08-01 09:00:00,2005-08-01 09:00:00,3.3
2005-09-01 09:00:00,2005-09-01 09:00:00,24.3
2005-10-01 09:00:00,2005-10-01 09:00:00,116.6
2005-11-01 09:00:00,2005-11-01 09:00:00,75.6
2005-12-01 09:00:00,2005-12-01 09:00:00,94.5
2006-01-01 09:00:00,2006-01-01 09:00:00,28.7
2006-02-01 09:00:00,2006-02-01 09:00:00,95.7
2006-03-01 09:00:00,2006-03-01 09:00:00,150.5
2006-04-01 09:00:00,2006-04-01 09:00:00,63.1
2006-05-01 09:00:00,2006-05-01 09:00:00,2.9
2006-06-01 09:00:00,2006-06-01 09:00:00,34.9
2006-07-01 09:00:00,2006-07-01 09:00:00,14.3
2006-08-01 09:00:00,2006-08-01 09:00:00,43.4
2006-09-01 09:00:00,2006-09-01 09:00:00,102.2
2006-10-01 09:00:00,2006-10-01 09:00:00,
2006-11-01 09:00:00,2006-11-01 09:00:00,
2006-12-01 09:00:00,2006-12-01 09:00:00,
2007-01-01 09:00:00,2007-01-01 09:00:00,14.7
2007-02-01 09:00:00,2007-02-01 09:00:00,143.9
2007-03-01 09:00:00,2007-03-01 09:00:00,35.4
2007-04-01 09:00:00,2007-04-01 09:00:00,45.0
2007-05-01 09:00:00,2007-05-01 09:00:00,70.8
2007-06-01 09:00:00,2007-06-01 09:00:00,94.4
2007-07-01 09:00:00,2007-07-01 09:00:00,13.3
2007-08-01 09:00:00,2007-08-01 09:00:00,30.6
2007-09-01 09:00:00,2007-09-01 09:00:00,13.2
2007-10-01 09:00:00,2007-10-01 09:00:00,33.4
2007-11-01 09:00:00,2007-11-01 09:00:00,
2007-12-01 09:00:00,2007-12-01 09:00:00,
2008-01-01 09:00:00,2008-01-01 09:00:00,
2008-02-01 09:00:00,2008-02-01 09:00:00,
2008-03-01 09:00:00,2008-03-01 09:00:00,
2008-04-01 09:00:00,2008-04-01 09:00:00,
2008-05-01 09:00:00,2008-05-01 09:00:00,
2008-06-01 09:00:00,2008-06-01 09:00:00,
2008-07-01 09:00:00,2008-07-01 09:00:00,
2008-08-01 09:00:00,2008-08-01 09:00:00,
2008-09-01 09:00:00,2008-09-01 09:00:00,
2008-10-01 09:00:00,2008-10-01 09:00:00,50.9
2008-11-01 09:00:00,2008-11-01 09:00:00,56.4
2008-12-01 09:00:00,2008-12-01 09:00:00,78.8
2009-01-01 09:00:00,2009-01-01 09:00:00,190.9
2009-02-01 09:00:00,2009-02-01 09:00:00,
2009-03-01 09:00:00,2009-03-01 09:00:00,
2009-04-01 09:00:00,2009-04-01 09:00:00,
2009-05-01 09:00:00,2009-05-01 09:00:00,
2009-06-01 09:00:00,2009-06-01 09:00:00,
2009-07-01 09:00:00,2009-07-01 09:00:00,22.1
2009-08-01 09:00:00,2009-08-01 09:00:00,
2009-09-01 09:00:00,2009-09-01 09:00:00,
2009-10-01 09:00:00,2009-10-01 09:00:00,
2009-11-01 09:00:00,2009-11-01 09:00:00,155.6
2009-12-01 09:00:00,2009-12-01 09:00:00,
2010-01-01 09:00:00,2010-01-01 09:00:00,
2010-02-01 09:00:00,2010-02-01 09:00:00,
2010-03-01 09:00:00,2010-03-01 09:00:00,
2010-04-01 09:00:00,2010-04-01 09:00:00,
2010-05-01 09:00:00,2010-05-01 09:00:00,
2010-06-01 09:00:00,2010-06-01 09:00:00,
2010-07-01 09:00:00,2010-07-01 09:00:00,
2010-08-01 09:00:00,2010-08-01 09:00:00,
2010-09-01 09:00:00,2010-09-01 09:00:00,
2010-10-01 09:00:00,2010-10-01 09:00:00,
2010-11-01 09:00:00,2010-11-01 09:00:00,
2010-12-01 09:00:00,2010-12-01 09:00:00,
2011-01-01 09:00:00,2011-01-01 09:00:00,
2011-02-01 09:00:00,2011-02-01 09:00:00,
2011-03-01 09:00:00,2011-03-01 09:00:00,
2011-04-01 09:00:00,2011-04-01 09:00:00,
2011-05-01 09:00:00,2011-05-01 09:00:00,
2011-06-01 09:00:00,2011-06-01 09:00:00,
2011-07-01 09:00:00,2011-07-01 09:00:00,
2011-08-01 09:00:00,2011-08-01 09:00:00,
2011-09-01 09:00:00,2011-09-01 09:00:00,
2011-10-01 09:00:00,2011-10-01 09:00:00,
2011-11-01 09:00:00,2011-11-01 09:00:00,
2011-12-01 09:00:00,2011-12-01 09:00:00,
2012-01-01 09:00:00,2012-01-01 09:00:00,
2012-02-01 09:00:00,2012-02-01 09:00:00,
2012-03-01 09:00:00,2012-03-01 09:00:00,
2012-04-01 09:00:00,2012-04-01 09:00:00,
2012-05-01 09:00:00,2012-05-01 09:00:00,
2012-06-01 09:00:00,2012-06-01 09:00:00,
2012-07-01 09:00:00,2012-07-01 09:00:00,
2012-08-01 09:00:00,2012-08-01 09:00:00,
2012-09-01 09:00:00,2012-09-01 09:00:00,
2012-10-01 09:00:00,2012-10-01 09:00:00,
2012-11-01 09:00:00,2012-11-01 09:00:00,
2012-12-01 09:00:00,2012-12-01 09:00:00,
2013-01-01 09:00:00,2013-01-01 09:00:00,
2013-02-01 09:00:00,2013-02-01 09:00:00,
2013-03-01 09:00:00,2013-03-01 09:00:00,
2013-04-01 09:00:00,2013-04-01 09:00:00,
2013-05-01 09:00:00,2013-05-01 09:00:00,
2013-06-01 09:00:00,2013-06-01 09:00:00,
2013-07-01 09:00:00,2013-07-01 09:00:00,
2013-08-01 09:00:00,2013-08-01 09:00:00,
2013-09-01 09:00:00,2013-09-01 09:00:00,
2013-10-01 09:00:00,2013-10-01 09:00:00,
2013-11-01 09:00:00,2013-11-01 09:00:00,
2013-12-01 09:00:00,2013-12-01 09:00:00,
2014-01-01 09:00:00,2014-01-01 09:00:00,
2014-02-01 09:00:00,2014-02-01 09:00:00,
2014-03-01 09:00:00,2014-03-01 09:00:00,
2014-04-01 09:00:00,2014-04-01 09:00:00,
2014-05-01 09:00:00,2014-05-01 09:00:00,
2014-06-01 09:00:00,2014-06-01 09:00:00,
2014-07-01 09:00:00,2014-07-01 09:00:00,
2014-08-01 09:00:00,2014-08-01 09:00:00,
2014-09-01 09:00:00,2014-09-01 09:00:00,
2014-10-01 09:00:00,2014-10-01 09:00:00,
2014-11-01 09:00:00,2014-11-01 09:00:00,220.4
2014-12-01 09:00:00,2014-12-01 09:00:00,32.9
2015-01-01 09:00:00,2015-01-01 09:00:00,71.3
2015-02-01 09:00:00,2015-02-01 09:00:00,39.8
2015-03-01 09:00:00,2015-03-01 09:00:00,4.3
2015-04-01 09:00:00,2015-04-01 09:00:00,55.8
2015-05-01 09:00:00,2015-05-01 09:00:00,66.2
2015-06-01 09:00:00,2015-06-01 09:00:00,27.7
2015-07-01 09:00:00,2015-07-01 09:00:00,1.4
2015-08-01 09:00:00,2015-08-01 09:00:00,11.2
2015-09-01 09:00:00,2015-09-01 09:00:00,79.6
2015-10-01 09:00:00,2015-10-01 09:00:00,105.1
2015-11-01 09:00:00,2015-11-01 09:00:00,35.1
2015-12-01 09:00:00,2015-12-01 09:00:00,
2016-01-01 09:00:00,2016-01-01 09:00:00,300.5
2016-02-01 09:00:00,2016-02-01 09:00:00,178.8
2016-03-01 09:00:00,2016-03-01 09:00:00,50.0
2016-04-01 09:00:00,2016-04-01 09:00:00,169.3
2016-05-01 09:00:00,2016-05-01 09:00:00,129.3
2016-06-01 09:00:00,2016-06-01 09:00:00,9.4
2016-07-01 09:00:00,2016-07-01 09:00:00,8.4
2016-08-01 09:00:00,2016-08-01 09:00:00,
2016-09-01 09:00:00,2016-09-01 09:00:00,
2016-10-01 09:00:00,2016-10-01 09:00:00,
2016-11-01 09:00:00,2016-11-01 09:00:00,
2016-12-01 09:00:00,2016-12-01 09:00:00,
2017-01-01 09:00:00,2017-01-01 09:00:00,
2017-02-01 09:00:00,2017-02-01 09:00:00,
2017-03-01 09:00:00,2017-03-01 09:00:00,
2017-04-01 09:00:00,2017-04-01 09:00:00,
2017-05-01 09:00:00,2017-05-01 09:00:00,
2017-06-01 09:00:00,2017-06-01 09:00:00,14.0
2017-07-01 09:00:00,2017-07-01 09:00:00,10.4
2017-08-01 09:00:00,2017-08-01 09:00:00,
2017-09-01 09:00:00,2017-09-01 09:00:00,
2017-10-01 09:00:00,2017-10-01 09:00:00,
2017-11-01 09:00:00,2017-11-01 09:00:00,
2017-12-01 09:00:00,2017-12-01 09:00:00,
2018-01-01 09:00:00,2018-01-01 09:00:00,
2018-02-01 09:00:00,2018-02-01 09:00:00,
2018-03-01 09:00:00,2018-03-01 09:00:00,
2018-04-01 09:00:00,2018-04-01 09:00:00,
2018-05-01 09:00:00,2018-05-01 09:00:00,
2018-06-01 09:00:00,2018-06-01 09:00:00,
2018-07-01 09:00:00,2018-07-01 09:00:00,
2018-08-01 09:00:00,2018-08-01 09:00:00,
2018-09-01 09:00:00,2018-09-01 09:00:00,
2018-10-01 09:00:00,2018-10-01 09:00:00,
2018-11-01 09:00:00,2018-11-01 09:00:00,
2018-12-01 09:00:00,2018-12-01 09:00:00,
2019-01-01 09:00:00,2019-01-01 09:00:00,
2019-02-01 09:00:00,2019-02-01 09:00:00,
2019-03-01 09:00:00,2019-03-01 09:00:00,
2019-04-01 09:00:00,2019-04-01 09:00:00,
2019-05-01 09:00:00,2019-05-01 09:00:00,
2019-06-01 09:00:00,2019-06-01 09:00:00,
2019-07-01 09:00:00,2019-07-01 09:00:00,
2019-08-01 09:00:00,2019-08-01 09:00:00,
2019-09-01 09:00:00,2019-09-01 09:00:00,
2019-10-01 09:00:00,2019-10-01 09:00:00,
2019-11-01 09:00:00,2019-11-01 09:00:00,
2019-12-01 09:00:00,2019-12-01 09:00:00,238.5
